user_id,age,gender,location,user_segment
U_0000,56,M,Northern Mariana Islands,Techie
U_0001,69,F,Bouvet Island (Bouvetoya),General
U_0002,46,M,Anguilla,Budget
U_0003,32,M,Saint Vincent and the Grenadines,Premium
U_0004,60,F,Falkland Islands (Malvinas),General
U_0005,25,F,Ecuador,Premium
U_0006,38,F,Czech Republic,Budget
U_0007,56,F,Burundi,Premium
U_0008,36,M,Saint Pierre and Miquelon,Premium
U_0009,40,F,Bosnia and Herzegovina,General
U_0010,28,F,Philippines,General
U_0011,28,Non-Binary,Saint Vincent and the Grenadines,Techie
U_0012,41,F,Uganda,General
U_0013,53,F,Mayotte,Techie
U_0014,57,Non-Binary,Benin,Budget
U_0015,41,Non-Binary,Nauru,Budget
U_0016,20,M,Jamaica,Premium
U_0017,39,Non-Binary,Antigua and Barbuda,Budget
U_0018,19,M,Antarctica (the territory South of 60 deg S),General
U_0019,41,Non-Binary,Bermuda,General
U_0020,61,Non-Binary,Cuba,Budget
U_0021,47,M,Djibouti,Techie
U_0022,55,Non-Binary,Madagascar,General
U_0023,19,M,Netherlands,General
U_0024,38,Non-Binary,Anguilla,General
U_0025,50,F,Monaco,Techie
U_0026,29,Non-Binary,Congo,General
U_0027,39,M,Saint Barthelemy,Techie
U_0028,61,Non-Binary,Pakistan,Techie
U_0029,42,M,Reunion,Budget
U_0030,66,M,Mayotte,Budget
U_0031,44,F,Italy,Techie
U_0032,59,F,Cyprus,Budget
U_0033,45,M,Kiribati,Budget
U_0034,33,Non-Binary,Namibia,General
U_0035,32,M,Fiji,Budget
U_0036,64,M,Sudan,Techie
U_0037,68,Non-Binary,Trinidad and Tobago,Techie
U_0038,61,Non-Binary,Albania,General
U_0039,69,Non-Binary,Senegal,Techie
U_0040,20,Non-Binary,Sri Lanka,Budget
U_0041,54,M,Cayman Islands,Techie
U_0042,68,M,Qatar,General
U_0043,24,F,Jamaica,General
U_0044,38,M,Guam,Premium
U_0045,26,Non-Binary,Fiji,Premium
U_0046,56,F,Cape Verde,General
U_0047,35,Non-Binary,Cuba,Budget
U_0048,21,M,Serbia,Techie
U_0049,42,F,Guadeloupe,Premium
U_0050,31,Non-Binary,Bosnia and Herzegovina,Budget
U_0051,67,F,Bermuda,Premium
U_0052,26,F,Hong Kong,Budget
U_0053,43,M,Bhutan,General
U_0054,19,Non-Binary,Guinea-Bissau,General
U_0055,37,F,Tanzania,Budget
U_0056,45,F,Guatemala,General
U_0057,64,Non-Binary,Netherlands,Budget
U_0058,24,F,Estonia,Techie
U_0059,61,F,Sri Lanka,Budget
U_0060,25,F,Aruba,General
U_0061,64,Non-Binary,Saint Lucia,General
U_0062,52,Non-Binary,Kuwait,General
U_0063,31,Non-Binary,Mauritania,General
U_0064,34,Non-Binary,British Virgin Islands,Techie
U_0065,53,M,Uzbekistan,General
U_0066,67,F,Honduras,General
U_0067,57,Non-Binary,Belgium,General
U_0068,21,F,Micronesia,Techie
U_0069,19,F,French Polynesia,Budget
U_0070,23,M,Switzerland,Techie
U_0071,59,Non-Binary,Niue,Budget
U_0072,21,Non-Binary,Niger,Techie
U_0073,46,F,Turks and Caicos Islands,Techie
U_0074,35,Non-Binary,Tokelau,Techie
U_0075,43,F,Guyana,Budget
U_0076,61,F,Morocco,Budget
U_0077,51,M,Congo,Techie
U_0078,27,M,Romania,General
U_0079,53,M,Bangladesh,Premium
U_0080,31,F,Aruba,Premium
U_0081,48,Non-Binary,Panama,General
U_0082,65,M,Denmark,Techie
U_0083,32,Non-Binary,Sierra Leone,Budget
U_0084,25,M,French Guiana,Premium
U_0085,31,M,Belgium,Budget
U_0086,40,F,Timor-Leste,General
U_0087,57,M,Djibouti,Budget
U_0088,38,M,Tonga,Premium
U_0089,33,F,Bolivia,Budget
U_0090,62,Non-Binary,Hong Kong,Budget
U_0091,35,M,Fiji,General
U_0092,64,F,Korea,Budget
U_0093,41,M,North Macedonia,Budget
U_0094,43,F,Syrian Arab Republic,Techie
U_0095,42,Non-Binary,Haiti,Budget
U_0096,62,Non-Binary,Central African Republic,Budget
U_0097,58,F,Heard Island and McDonald Islands,General
U_0098,46,F,Guinea,General
U_0099,32,F,Cote d'Ivoire,General
U_0100,62,Non-Binary,Paraguay,General
U_0101,18,M,Ethiopia,General
U_0102,42,Non-Binary,Reunion,Budget
U_0103,24,F,Vietnam,General
U_0104,26,F,Pitcairn Islands,General
U_0105,41,Non-Binary,Oman,General
U_0106,18,F,Barbados,Techie
U_0107,61,Non-Binary,New Caledonia,Budget
U_0108,25,F,North Macedonia,General
U_0109,41,M,Chile,General
U_0110,28,M,Martinique,General
U_0111,68,F,Saint Lucia,Budget
U_0112,34,Non-Binary,Ecuador,Budget
U_0113,25,M,Central African Republic,Budget
U_0114,52,Non-Binary,Kyrgyz Republic,General
U_0115,52,F,Hong Kong,Budget
U_0116,50,Non-Binary,Faroe Islands,Budget
U_0117,22,M,Uzbekistan,General
U_0118,59,Non-Binary,Northern Mariana Islands,Budget
U_0119,56,Non-Binary,Portugal,General
U_0120,58,F,Moldova,Premium
U_0121,45,F,Cyprus,General
U_0122,24,F,Poland,Techie
U_0123,26,M,Greece,General
U_0124,25,M,Tajikistan,General
U_0125,29,F,Seychelles,Budget
U_0126,51,F,Singapore,Budget
U_0127,50,M,Azerbaijan,Budget
U_0128,65,M,Denmark,General
U_0129,40,M,Swaziland,General
U_0130,41,M,Antigua and Barbuda,Techie
U_0131,54,F,Sri Lanka,Techie
U_0132,52,M,Germany,Budget
U_0133,61,F,Iran,General
U_0134,57,Non-Binary,Ethiopia,General
U_0135,39,Non-Binary,Bahrain,Budget
U_0136,44,M,Croatia,Techie
U_0137,52,Non-Binary,United States Minor Outlying Islands,Budget
U_0138,18,Non-Binary,Western Sahara,Techie
U_0139,52,Non-Binary,Montenegro,Techie
U_0140,54,M,Turkey,Budget
U_0141,64,M,Saint Barthelemy,Premium
U_0142,31,Non-Binary,Germany,Premium
U_0143,20,F,Croatia,Techie
U_0144,18,Non-Binary,Palau,Techie
U_0145,22,M,Luxembourg,Budget
U_0146,43,M,Indonesia,General
U_0147,31,M,Turks and Caicos Islands,General
U_0148,56,Non-Binary,United States Virgin Islands,Premium
U_0149,44,F,Norway,Budget
U_0150,26,M,Kuwait,General
U_0151,32,M,Cambodia,General
U_0152,32,Non-Binary,Estonia,Budget
U_0153,43,F,Burundi,Premium
U_0154,59,Non-Binary,Egypt,Budget
U_0155,30,M,Samoa,Techie
U_0156,68,F,Monaco,Budget
U_0157,49,F,Mauritania,Premium
U_0158,56,M,Estonia,General
U_0159,66,F,San Marino,Techie
U_0160,69,F,Myanmar,Premium
U_0161,49,Non-Binary,Japan,Premium
U_0162,21,M,Ukraine,Techie
U_0163,47,M,Myanmar,Budget
U_0164,54,M,Iran,Budget
U_0165,40,M,Guyana,General
U_0166,56,M,Cyprus,Budget
U_0167,62,F,Burundi,General
U_0168,32,Non-Binary,Malawi,General
U_0169,60,M,Lithuania,Budget
U_0170,46,Non-Binary,Bermuda,Premium
U_0171,53,Non-Binary,Saudi Arabia,Techie
U_0172,30,F,Australia,General
U_0173,49,M,Tokelau,General
U_0174,24,F,Bouvet Island (Bouvetoya),General
U_0175,68,M,Cape Verde,Budget
U_0176,39,F,Niue,General
U_0177,45,Non-Binary,Cayman Islands,Premium
U_0178,19,M,Somalia,Techie
U_0179,59,Non-Binary,Pitcairn Islands,Budget
U_0180,62,Non-Binary,Jamaica,Budget
U_0181,23,F,Nepal,General
U_0182,45,M,Bahrain,Techie
U_0183,45,Non-Binary,Hungary,Premium
U_0184,61,F,Hong Kong,Premium
U_0185,61,M,Nepal,General
U_0186,37,M,Lao People's Democratic Republic,General
U_0187,47,Non-Binary,Marshall Islands,Budget
U_0188,28,M,El Salvador,Budget
U_0189,45,Non-Binary,Micronesia,Budget
U_0190,42,M,Tokelau,General
U_0191,56,F,Western Sahara,Techie
U_0192,50,Non-Binary,Algeria,Techie
U_0193,18,Non-Binary,Pitcairn Islands,Techie
U_0194,44,M,Saint Helena,Premium
U_0195,69,M,Brazil,General
U_0196,30,Non-Binary,Pitcairn Islands,Techie
U_0197,58,M,Turks and Caicos Islands,Budget
U_0198,20,F,Mauritania,Budget
U_0199,56,M,Sao Tome and Principe,Techie
U_0200,23,F,Ethiopia,General
U_0201,25,F,Seychelles,Premium
U_0202,44,F,Norway,General
U_0203,26,F,Guam,General
U_0204,54,F,Bouvet Island (Bouvetoya),Budget
U_0205,50,M,French Polynesia,Budget
U_0206,68,F,Jordan,Budget
U_0207,59,M,Cayman Islands,General
U_0208,61,F,Korea,Budget
U_0209,41,Non-Binary,Afghanistan,Premium
U_0210,32,F,Zimbabwe,Techie
U_0211,49,Non-Binary,Saint Helena,General
U_0212,49,F,Turkey,Budget
U_0213,41,F,Saint Helena,Premium
U_0214,58,F,Estonia,Techie
U_0215,69,Non-Binary,Macao,Techie
U_0216,66,Non-Binary,Serbia,General
U_0217,66,F,Christmas Island,Budget
U_0218,69,M,Madagascar,General
U_0219,29,F,United States Minor Outlying Islands,General
U_0220,56,Non-Binary,Botswana,Techie
U_0221,19,F,Trinidad and Tobago,General
U_0222,20,Non-Binary,Niue,Premium
U_0223,66,Non-Binary,French Southern Territories,Budget
U_0224,54,Non-Binary,Tajikistan,General
U_0225,66,F,Northern Mariana Islands,Techie
U_0226,34,Non-Binary,Madagascar,Techie
U_0227,66,Non-Binary,New Caledonia,Premium
U_0228,19,F,Congo,General
U_0229,19,Non-Binary,Cape Verde,Techie
U_0230,45,F,Holy See (Vatican City State),Budget
U_0231,40,Non-Binary,Serbia,Premium
U_0232,54,M,Central African Republic,General
U_0233,49,M,Mauritius,General
U_0234,50,Non-Binary,Zimbabwe,Techie
U_0235,18,M,Slovakia (Slovak Republic),General
U_0236,36,F,Uzbekistan,Budget
U_0237,19,M,Marshall Islands,Premium
U_0238,61,Non-Binary,Uruguay,General
U_0239,43,Non-Binary,Afghanistan,General
U_0240,49,F,Netherlands Antilles,General
U_0241,23,Non-Binary,Gibraltar,General
U_0242,49,F,Liechtenstein,Budget
U_0243,21,M,Andorra,General
U_0244,28,M,Bouvet Island (Bouvetoya),Premium
U_0245,34,F,Vanuatu,Budget
U_0246,55,F,Guyana,Budget
U_0247,41,Non-Binary,Turkey,Premium
U_0248,22,M,Switzerland,Budget
U_0249,69,F,Sri Lanka,Premium
U_0250,51,M,Gambia,Budget
U_0251,23,F,Dominican Republic,Budget
U_0252,39,M,Azerbaijan,Techie
U_0253,28,Non-Binary,Dominican Republic,Premium
U_0254,65,M,Turkey,Premium
U_0255,33,M,Montenegro,General
U_0256,50,M,Yemen,General
U_0257,26,M,Belgium,General
U_0258,23,M,Belize,Premium
U_0259,33,Non-Binary,Saint Martin,General
U_0260,46,F,Libyan Arab Jamahiriya,Budget
U_0261,20,M,Suriname,Budget
U_0262,37,Non-Binary,Bangladesh,Premium
U_0263,53,M,Senegal,General
U_0264,36,M,Martinique,Budget
U_0265,43,F,Seychelles,Budget
U_0266,20,M,Brunei Darussalam,Budget
U_0267,36,Non-Binary,Brunei Darussalam,General
U_0268,37,Non-Binary,Palestinian Territory,Techie
U_0269,49,F,Lebanon,Budget
U_0270,24,M,Yemen,Techie
U_0271,69,Non-Binary,Mexico,Techie
U_0272,58,M,Chad,General
U_0273,50,M,Estonia,Budget
U_0274,57,M,Marshall Islands,General
U_0275,56,F,Tunisia,Premium
U_0276,35,M,New Caledonia,General
U_0277,57,Non-Binary,Jamaica,Budget
U_0278,18,M,Croatia,Premium
U_0279,28,Non-Binary,Vanuatu,Premium
U_0280,45,M,Mauritius,Techie
U_0281,42,Non-Binary,Saudi Arabia,Budget
U_0282,67,Non-Binary,Saint Lucia,General
U_0283,40,M,Portugal,Budget
U_0284,48,M,Cook Islands,General
U_0285,47,Non-Binary,Rwanda,General
U_0286,59,F,Georgia,Techie
U_0287,52,M,Iran,General
U_0288,24,F,Paraguay,General
U_0289,33,M,Pakistan,Premium
U_0290,43,M,Holy See (Vatican City State),General
U_0291,65,M,Kazakhstan,Budget
U_0292,69,M,United Arab Emirates,Techie
U_0293,66,F,Maldives,General
U_0294,19,M,Korea,Premium
U_0295,18,Non-Binary,British Indian Ocean Territory (Chagos Archipelago),Premium
U_0296,65,Non-Binary,Egypt,Techie
U_0297,29,F,Czech Republic,General
U_0298,22,M,Bahrain,General
U_0299,54,Non-Binary,Guadeloupe,Techie
U_0300,49,F,Angola,General
U_0301,26,M,Namibia,General
U_0302,58,Non-Binary,Micronesia,Budget
U_0303,52,Non-Binary,Denmark,Budget
U_0304,36,F,Namibia,General
U_0305,65,M,Cyprus,General
U_0306,33,M,Albania,General
U_0307,20,Non-Binary,Barbados,Premium
U_0308,37,Non-Binary,Russian Federation,Budget
U_0309,41,Non-Binary,Norfolk Island,Premium
U_0310,50,M,Bahamas,Budget
U_0311,41,F,Denmark,Budget
U_0312,69,F,Bangladesh,General
U_0313,28,M,United Kingdom,Budget
U_0314,66,F,Antigua and Barbuda,General
U_0315,25,Non-Binary,Tokelau,Premium
U_0316,53,F,Greenland,Techie
U_0317,55,F,Barbados,Budget
U_0318,57,F,Malaysia,Premium
U_0319,37,Non-Binary,Dominica,Budget
U_0320,52,M,Fiji,General
U_0321,65,Non-Binary,Paraguay,General
U_0322,42,M,Libyan Arab Jamahiriya,Techie
U_0323,52,M,Croatia,Budget
U_0324,42,M,Mauritius,General
U_0325,46,F,Bulgaria,Premium
U_0326,35,F,Saint Kitts and Nevis,Budget
U_0327,63,M,Vietnam,Techie
U_0328,35,M,Turkmenistan,General
U_0329,19,F,Montserrat,Budget
U_0330,52,Non-Binary,Morocco,Budget
U_0331,33,M,Lebanon,General
U_0332,58,Non-Binary,Ecuador,Budget
U_0333,53,F,Slovenia,Budget
U_0334,50,M,Lebanon,Techie
U_0335,21,Non-Binary,Sri Lanka,General
U_0336,50,Non-Binary,Ireland,Techie
U_0337,31,Non-Binary,Comoros,General
U_0338,38,F,Bhutan,General
U_0339,65,F,Bhutan,Budget
U_0340,37,Non-Binary,Palestinian Territory,General
U_0341,25,Non-Binary,Jersey,Premium
U_0342,24,F,Guinea,Budget
U_0343,20,Non-Binary,Jamaica,Techie
U_0344,34,Non-Binary,Isle of Man,Premium
U_0345,50,F,Lao People's Democratic Republic,Budget
U_0346,65,Non-Binary,Tonga,Budget
U_0347,29,Non-Binary,Saint Lucia,Premium
U_0348,68,Non-Binary,Austria,General
U_0349,39,F,Peru,Techie
U_0350,39,Non-Binary,Palau,General
U_0351,63,F,Oman,Budget
U_0352,47,F,Bolivia,Budget
U_0353,55,M,Bahamas,Budget
U_0354,55,M,Iraq,Budget
U_0355,62,Non-Binary,Saint Lucia,Budget
U_0356,68,F,Guadeloupe,General
U_0357,25,M,South Georgia and the South Sandwich Islands,General
U_0358,44,Non-Binary,Tokelau,General
U_0359,44,M,Botswana,Budget
U_0360,51,M,Egypt,General
U_0361,38,F,Congo,Premium
U_0362,47,F,Comoros,Budget
U_0363,50,M,Mauritania,General
U_0364,45,M,Kiribati,Techie
U_0365,64,F,Burundi,Budget
U_0366,50,Non-Binary,Jamaica,Premium
U_0367,22,F,Cocos (Keeling) Islands,Budget
U_0368,65,M,Fiji,General
U_0369,36,Non-Binary,Kyrgyz Republic,Techie
U_0370,21,M,Egypt,General
U_0371,52,Non-Binary,Tunisia,Budget
U_0372,66,M,Uzbekistan,Premium
U_0373,34,Non-Binary,Belarus,Techie
U_0374,61,Non-Binary,Kenya,Techie
U_0375,45,M,Sri Lanka,Premium
U_0376,47,Non-Binary,Tokelau,General
U_0377,46,F,Togo,General
U_0378,63,M,Mexico,General
U_0379,23,F,Bolivia,General
U_0380,52,M,Australia,General
U_0381,58,Non-Binary,Pakistan,Techie
U_0382,54,Non-Binary,Mauritius,General
U_0383,41,Non-Binary,Taiwan,Premium
U_0384,46,M,American Samoa,Premium
U_0385,66,F,Bermuda,Premium
U_0386,63,F,Vanuatu,Techie
U_0387,48,M,Sao Tome and Principe,Budget
U_0388,52,M,Thailand,General
U_0389,50,F,Dominica,Premium
U_0390,69,F,Chad,Budget
U_0391,38,F,Ireland,Techie
U_0392,49,F,Libyan Arab Jamahiriya,Budget
U_0393,40,M,Liberia,Budget
U_0394,50,M,Croatia,Budget
U_0395,20,Non-Binary,Tonga,Techie
U_0396,35,F,Iran,Premium
U_0397,42,Non-Binary,United Kingdom,General
U_0398,59,M,Bahamas,General
U_0399,48,M,Chad,Premium
U_0400,20,Non-Binary,Hong Kong,Premium
U_0401,57,F,Afghanistan,Premium
U_0402,63,F,Iceland,General
U_0403,41,F,Estonia,Budget
U_0404,67,F,Vanuatu,Budget
U_0405,49,Non-Binary,Slovenia,General
U_0406,64,Non-Binary,Slovenia,Techie
U_0407,39,M,Korea,Budget
U_0408,40,F,France,Budget
U_0409,19,F,Jamaica,General
U_0410,44,F,Qatar,General
U_0411,59,Non-Binary,Saint Martin,General
U_0412,19,F,Slovenia,Techie
U_0413,43,Non-Binary,Moldova,Techie
U_0414,34,F,Panama,General
U_0415,57,F,Saint Barthelemy,General
U_0416,50,M,Libyan Arab Jamahiriya,Budget
U_0417,26,F,Cape Verde,General
U_0418,60,F,Comoros,Budget
U_0419,65,M,French Polynesia,Budget
U_0420,56,Non-Binary,Cuba,General
U_0421,46,Non-Binary,Azerbaijan,Premium
U_0422,59,F,Mozambique,General
U_0423,43,Non-Binary,Saint Pierre and Miquelon,Budget
U_0424,52,F,Mauritius,Techie
U_0425,67,M,Bahamas,General
U_0426,42,M,San Marino,General
U_0427,41,F,Germany,Budget
U_0428,30,M,Azerbaijan,Premium
U_0429,24,M,Australia,Techie
U_0430,53,F,Myanmar,Budget
U_0431,62,F,Lesotho,General
U_0432,37,M,Macao,General
U_0433,18,Non-Binary,Uruguay,Budget
U_0434,25,Non-Binary,Timor-Leste,Budget
U_0435,63,F,Marshall Islands,Budget
U_0436,33,F,Cayman Islands,General
U_0437,31,Non-Binary,Azerbaijan,Budget
U_0438,29,M,Malawi,Premium
U_0439,68,Non-Binary,Belgium,Premium
U_0440,40,Non-Binary,Thailand,Techie
U_0441,32,Non-Binary,Colombia,Budget
U_0442,45,Non-Binary,Bangladesh,Budget
U_0443,51,F,Nepal,General
U_0444,19,F,Bangladesh,General
U_0445,49,M,Peru,General
U_0446,40,M,Tokelau,Budget
U_0447,39,M,Dominica,Premium
U_0448,68,M,Iraq,Techie
U_0449,42,Non-Binary,British Indian Ocean Territory (Chagos Archipelago),Budget
U_0450,39,F,Western Sahara,General
U_0451,39,F,Tuvalu,Techie
U_0452,66,M,Montenegro,Budget
U_0453,69,M,Egypt,General
U_0454,59,Non-Binary,Mozambique,General
U_0455,23,Non-Binary,Nepal,Budget
U_0456,32,M,Armenia,Techie
U_0457,60,F,Niger,Premium
U_0458,54,F,Belgium,Premium
U_0459,50,F,Italy,Budget
U_0460,25,M,Palestinian Territory,Techie
U_0461,61,F,Myanmar,General
U_0462,61,Non-Binary,Mongolia,Techie
U_0463,22,Non-Binary,Mali,Budget
U_0464,56,M,Germany,Techie
U_0465,21,Non-Binary,Vietnam,Premium
U_0466,23,M,Eritrea,General
U_0467,62,F,Costa Rica,Premium
U_0468,49,F,Paraguay,Budget
U_0469,69,F,Saint Barthelemy,Budget
U_0470,47,Non-Binary,Germany,General
U_0471,64,M,Dominican Republic,Budget
U_0472,52,F,Estonia,General
U_0473,57,M,Indonesia,Budget
U_0474,69,F,Bulgaria,Premium
U_0475,33,Non-Binary,Paraguay,Techie
U_0476,30,Non-Binary,Oman,General
U_0477,67,M,French Southern Territories,General
U_0478,59,Non-Binary,Kuwait,Budget
U_0479,47,Non-Binary,Germany,Premium
U_0480,36,M,Vanuatu,Budget
U_0481,34,F,Sao Tome and Principe,Techie
U_0482,36,Non-Binary,Vietnam,Techie
U_0483,45,M,Barbados,General
U_0484,43,Non-Binary,Algeria,General
U_0485,54,Non-Binary,Kuwait,Premium
U_0486,43,Non-Binary,Nigeria,Techie
U_0487,40,Non-Binary,Mongolia,General
U_0488,26,M,Bolivia,General
U_0489,29,M,Barbados,Budget
U_0490,18,M,Mauritania,Premium
U_0491,18,Non-Binary,Croatia,Premium
U_0492,64,Non-Binary,Madagascar,Budget
U_0493,51,Non-Binary,Estonia,Budget
U_0494,49,M,Bulgaria,Budget
U_0495,65,Non-Binary,Venezuela,Techie
U_0496,42,F,Guernsey,Budget
U_0497,57,Non-Binary,Turkmenistan,Budget
U_0498,62,F,Bangladesh,Budget
U_0499,18,Non-Binary,Turkmenistan,General
U_0500,33,M,Ecuador,General
U_0501,56,Non-Binary,Heard Island and McDonald Islands,Techie
U_0502,22,F,Finland,Premium
U_0503,39,F,Cayman Islands,General
U_0504,46,Non-Binary,Kazakhstan,Budget
U_0505,20,F,Syrian Arab Republic,Budget
U_0506,29,F,Mayotte,Budget
U_0507,43,M,Romania,Budget
U_0508,33,Non-Binary,Gabon,Premium
U_0509,68,Non-Binary,New Zealand,General
U_0510,54,Non-Binary,Sri Lanka,Techie
U_0511,39,F,Palau,Premium
U_0512,46,Non-Binary,Marshall Islands,General
U_0513,31,Non-Binary,Algeria,Budget
U_0514,45,M,Papua New Guinea,Budget
U_0515,22,M,Svalbard & Jan Mayen Islands,Techie
U_0516,64,M,Micronesia,Techie
U_0517,66,F,French Southern Territories,Budget
U_0518,47,Non-Binary,Venezuela,Premium
U_0519,63,M,Panama,Techie
U_0520,69,M,Bosnia and Herzegovina,General
U_0521,22,M,Wallis and Futuna,Techie
U_0522,29,Non-Binary,Turkey,Premium
U_0523,33,Non-Binary,Burkina Faso,Budget
U_0524,43,Non-Binary,Estonia,Premium
U_0525,43,F,Brazil,Budget
U_0526,65,F,Tuvalu,General
U_0527,38,M,Botswana,Techie
U_0528,56,Non-Binary,Samoa,Premium
U_0529,53,M,Micronesia,General
U_0530,50,Non-Binary,Cape Verde,Techie
U_0531,47,Non-Binary,Faroe Islands,Premium
U_0532,54,Non-Binary,Finland,General
U_0533,40,F,Netherlands,General
U_0534,27,F,Cote d'Ivoire,General
U_0535,22,Non-Binary,Saint Barthelemy,Budget
U_0536,53,M,Guam,Techie
U_0537,51,Non-Binary,Costa Rica,General
U_0538,69,Non-Binary,Poland,Budget
U_0539,48,M,North Macedonia,Budget
U_0540,27,Non-Binary,Timor-Leste,General
U_0541,36,M,Estonia,Budget
U_0542,49,F,Madagascar,General
U_0543,18,F,Liechtenstein,Techie
U_0544,22,M,El Salvador,Premium
U_0545,62,F,United Kingdom,Budget
U_0546,21,F,United States of America,General
U_0547,33,M,Tanzania,Premium
U_0548,41,F,Austria,Techie
U_0549,33,Non-Binary,Bermuda,General
U_0550,19,Non-Binary,North Macedonia,General
U_0551,66,M,Jamaica,General
U_0552,45,F,Switzerland,Techie
U_0553,49,Non-Binary,Falkland Islands (Malvinas),Premium
U_0554,44,Non-Binary,Aruba,General
U_0555,37,F,Afghanistan,Techie
U_0556,41,F,Grenada,Budget
U_0557,29,Non-Binary,Sierra Leone,Budget
U_0558,67,Non-Binary,Bulgaria,General
U_0559,52,M,Northern Mariana Islands,Premium
U_0560,50,M,Estonia,General
U_0561,50,Non-Binary,Central African Republic,Techie
U_0562,68,M,Saint Vincent and the Grenadines,Budget
U_0563,60,Non-Binary,Kenya,Techie
U_0564,54,Non-Binary,Micronesia,Budget
U_0565,29,M,Romania,Premium
U_0566,20,M,Japan,Techie
U_0567,18,F,Monaco,Premium
U_0568,50,F,Algeria,General
U_0569,57,F,Bouvet Island (Bouvetoya),General
U_0570,27,Non-Binary,Belarus,General
U_0571,60,M,Western Sahara,Budget
U_0572,61,Non-Binary,Turks and Caicos Islands,Budget
U_0573,46,M,Portugal,Techie
U_0574,30,Non-Binary,United Kingdom,General
U_0575,29,F,Canada,General
U_0576,48,F,Mayotte,General
U_0577,63,F,Argentina,Premium
U_0578,19,Non-Binary,Syrian Arab Republic,Premium
U_0579,68,M,Heard Island and McDonald Islands,Techie
U_0580,67,M,Myanmar,Budget
U_0581,52,F,Micronesia,Budget
U_0582,40,F,Cameroon,General
U_0583,34,F,Jersey,Budget
U_0584,43,F,Brunei Darussalam,Budget
U_0585,25,M,Armenia,Budget
U_0586,46,Non-Binary,Gambia,General
U_0587,43,Non-Binary,Haiti,Techie
U_0588,27,Non-Binary,United Arab Emirates,General
U_0589,43,Non-Binary,Venezuela,General
U_0590,51,F,South Africa,Premium
U_0591,68,F,Tokelau,Techie
U_0592,58,F,Armenia,Budget
U_0593,24,Non-Binary,United Arab Emirates,Budget
U_0594,21,F,Guinea-Bissau,General
U_0595,67,F,Cote d'Ivoire,General
U_0596,62,M,Pitcairn Islands,Premium
U_0597,28,M,Egypt,Premium
U_0598,46,F,Papua New Guinea,Techie
U_0599,53,M,Bosnia and Herzegovina,Budget
U_0600,42,M,Guinea,Budget
U_0601,38,F,Slovakia (Slovak Republic),Budget
U_0602,53,F,Monaco,Budget
U_0603,27,F,Turks and Caicos Islands,General
U_0604,54,F,Tunisia,Budget
U_0605,26,Non-Binary,Ireland,Budget
U_0606,41,Non-Binary,Niger,Techie
U_0607,52,F,San Marino,General
U_0608,66,M,Cape Verde,Budget
U_0609,52,F,Uzbekistan,Budget
U_0610,65,F,Venezuela,Premium
U_0611,53,M,Dominica,General
U_0612,35,Non-Binary,Tonga,Techie
U_0613,66,F,Central African Republic,General
U_0614,56,F,South Georgia and the South Sandwich Islands,General
U_0615,49,Non-Binary,Sudan,General
U_0616,41,Non-Binary,Christmas Island,Techie
U_0617,40,M,Turkmenistan,Techie
U_0618,49,Non-Binary,Isle of Man,Budget
U_0619,54,Non-Binary,Anguilla,General
U_0620,29,Non-Binary,Christmas Island,Premium
U_0621,66,M,Saint Pierre and Miquelon,Budget
U_0622,30,Non-Binary,Uzbekistan,General
U_0623,40,Non-Binary,Grenada,Budget
U_0624,42,M,Slovenia,Techie
U_0625,52,Non-Binary,Venezuela,Techie
U_0626,58,Non-Binary,Isle of Man,Premium
U_0627,47,M,Spain,General
U_0628,34,F,Paraguay,Budget
U_0629,66,M,Tonga,Premium
U_0630,37,Non-Binary,Saint Pierre and Miquelon,Techie
U_0631,65,Non-Binary,Sudan,General
U_0632,42,Non-Binary,Egypt,General
U_0633,39,M,Ethiopia,Premium
U_0634,30,Non-Binary,Cayman Islands,Techie
U_0635,36,Non-Binary,Solomon Islands,Budget
U_0636,66,M,Reunion,General
U_0637,53,F,Botswana,Premium
U_0638,29,F,Hong Kong,General
U_0639,58,Non-Binary,Tunisia,Budget
U_0640,36,M,Argentina,Budget
U_0641,29,Non-Binary,Togo,Techie
U_0642,26,M,Latvia,General
U_0643,24,M,Cyprus,Techie
U_0644,45,F,Cook Islands,General
U_0645,31,F,Svalbard & Jan Mayen Islands,Techie
U_0646,48,M,Uruguay,Techie
U_0647,69,Non-Binary,Kuwait,Budget
U_0648,36,F,Guernsey,General
U_0649,64,Non-Binary,Gambia,Budget
U_0650,33,F,Swaziland,General
U_0651,22,F,South Africa,General
U_0652,52,Non-Binary,Tunisia,General
U_0653,29,F,Denmark,Techie
U_0654,42,F,Czech Republic,General
U_0655,69,Non-Binary,Anguilla,General
U_0656,38,F,Palestinian Territory,Budget
U_0657,53,F,Congo,Techie
U_0658,40,F,Iran,Budget
U_0659,33,Non-Binary,Greenland,Techie
U_0660,56,M,Fiji,Budget
U_0661,62,Non-Binary,Tonga,Budget
U_0662,59,M,Bangladesh,Premium
U_0663,56,F,Sierra Leone,Premium
U_0664,31,M,Fiji,Techie
U_0665,48,Non-Binary,Guernsey,Budget
U_0666,22,Non-Binary,Norway,Techie
U_0667,52,F,Malawi,Budget
U_0668,40,M,Iran,Techie
U_0669,46,F,Philippines,Techie
U_0670,60,F,Tajikistan,Techie
U_0671,28,Non-Binary,Mauritania,General
U_0672,35,M,Greenland,Premium
U_0673,64,M,Wallis and Futuna,General
U_0674,29,M,Antarctica (the territory South of 60 deg S),Premium
U_0675,26,M,Brazil,Techie
U_0676,27,F,Turkey,Techie
U_0677,61,F,Eritrea,Budget
U_0678,34,Non-Binary,Christmas Island,General
U_0679,55,F,Mozambique,Techie
U_0680,24,F,Estonia,Premium
U_0681,63,Non-Binary,Argentina,Budget
U_0682,30,Non-Binary,Botswana,Budget
U_0683,57,Non-Binary,Nepal,General
U_0684,59,F,Jordan,General
U_0685,26,F,Guatemala,Budget
U_0686,67,Non-Binary,Saint Lucia,Premium
U_0687,44,Non-Binary,Solomon Islands,Techie
U_0688,19,Non-Binary,Germany,General
U_0689,22,F,Jordan,Budget
U_0690,46,F,New Caledonia,Budget
U_0691,54,M,Malawi,General
U_0692,55,F,Brazil,Budget
U_0693,36,F,Hungary,Budget
U_0694,25,F,United Arab Emirates,General
U_0695,65,Non-Binary,Morocco,Techie
U_0696,62,F,Comoros,Budget
U_0697,18,Non-Binary,Equatorial Guinea,Budget
U_0698,39,M,Aruba,Budget
U_0699,69,M,Russian Federation,Budget
U_0700,34,Non-Binary,Jordan,General
U_0701,24,Non-Binary,Afghanistan,Premium
U_0702,42,Non-Binary,Mali,General
U_0703,62,F,Uzbekistan,General
U_0704,21,M,Sri Lanka,Premium
U_0705,53,Non-Binary,Mauritania,Budget
U_0706,23,F,Poland,Techie
U_0707,48,M,Saint Helena,General
U_0708,36,F,Wallis and Futuna,General
U_0709,61,M,Saint Vincent and the Grenadines,Budget
U_0710,56,F,Saint Pierre and Miquelon,General
U_0711,44,M,Paraguay,Techie
U_0712,27,M,Congo,General
U_0713,43,F,Haiti,Budget
U_0714,36,Non-Binary,Jersey,Techie
U_0715,56,M,Bangladesh,General
U_0716,20,Non-Binary,Yemen,Premium
U_0717,62,F,Papua New Guinea,Techie
U_0718,30,Non-Binary,Uruguay,Budget
U_0719,67,Non-Binary,Greenland,Budget
U_0720,45,Non-Binary,Nigeria,Premium
U_0721,37,Non-Binary,Germany,General
U_0722,45,Non-Binary,Panama,Budget
U_0723,25,M,Thailand,Techie
U_0724,58,M,British Virgin Islands,General
U_0725,56,M,Saint Helena,Budget
U_0726,18,F,United Arab Emirates,Techie
U_0727,20,Non-Binary,French Southern Territories,General
U_0728,30,M,Madagascar,General
U_0729,45,F,Georgia,Techie
U_0730,66,M,Papua New Guinea,General
U_0731,42,M,Ireland,Budget
U_0732,50,Non-Binary,Greece,General
U_0733,55,F,Iraq,Budget
U_0734,23,Non-Binary,Qatar,General
U_0735,61,Non-Binary,French Polynesia,Budget
U_0736,62,M,Micronesia,General
U_0737,49,Non-Binary,Brunei Darussalam,General
U_0738,62,F,Congo,General
U_0739,64,Non-Binary,Italy,Budget
U_0740,38,Non-Binary,Papua New Guinea,Premium
U_0741,33,Non-Binary,Wallis and Futuna,Techie
U_0742,38,M,Hong Kong,General
U_0743,28,F,Philippines,Budget
U_0744,54,M,San Marino,General
U_0745,53,M,United Kingdom,General
U_0746,52,M,China,Budget
U_0747,36,M,Nicaragua,General
U_0748,37,M,Montenegro,Techie
U_0749,35,F,Gabon,Techie
U_0750,64,Non-Binary,Iraq,Premium
U_0751,58,M,Mexico,Techie
U_0752,66,M,Syrian Arab Republic,General
U_0753,31,F,Afghanistan,Premium
U_0754,32,F,Gabon,Techie
U_0755,48,Non-Binary,France,General
U_0756,18,F,Cote d'Ivoire,General
U_0757,20,Non-Binary,Jersey,Budget
U_0758,33,M,Solomon Islands,General
U_0759,40,M,Mozambique,Techie
U_0760,28,Non-Binary,New Caledonia,Budget
U_0761,29,F,Palau,Budget
U_0762,27,Non-Binary,Gibraltar,Techie
U_0763,49,F,Lao People's Democratic Republic,General
U_0764,33,M,Kenya,Premium
U_0765,25,F,Kenya,General
U_0766,55,Non-Binary,Peru,Budget
U_0767,29,Non-Binary,Croatia,Techie
U_0768,41,M,Malawi,General
U_0769,45,F,Lebanon,General
U_0770,25,F,South Africa,Budget
U_0771,45,F,United Arab Emirates,Techie
U_0772,53,M,South Africa,Budget
U_0773,43,F,Saint Pierre and Miquelon,Premium
U_0774,25,Non-Binary,Chile,General
U_0775,67,F,Palestinian Territory,General
U_0776,45,M,Belize,Budget
U_0777,45,F,Finland,General
U_0778,54,F,Malaysia,Techie
U_0779,58,Non-Binary,Panama,Premium
U_0780,53,F,North Macedonia,Techie
U_0781,44,Non-Binary,Niger,Techie
U_0782,34,Non-Binary,Grenada,Techie
U_0783,26,M,Bermuda,Techie
U_0784,50,Non-Binary,Svalbard & Jan Mayen Islands,Techie
U_0785,37,Non-Binary,Zambia,Budget
U_0786,30,M,Sao Tome and Principe,General
U_0787,45,Non-Binary,Dominica,Techie
U_0788,65,M,Peru,Budget
U_0789,46,F,Georgia,General
U_0790,30,M,Czech Republic,General
U_0791,63,Non-Binary,Sri Lanka,General
U_0792,52,M,Congo,Premium
U_0793,23,Non-Binary,Cameroon,Budget
U_0794,35,F,Anguilla,Techie
U_0795,68,M,Aruba,Budget
U_0796,22,F,Ecuador,General
U_0797,64,Non-Binary,Lebanon,Budget
U_0798,42,Non-Binary,New Zealand,Budget
U_0799,19,F,Thailand,Premium
U_0800,27,M,Seychelles,Premium
U_0801,47,M,Barbados,General
U_0802,67,Non-Binary,Korea,Techie
U_0803,62,F,Israel,Budget
U_0804,22,F,Turks and Caicos Islands,Budget
U_0805,50,M,Norfolk Island,Techie
U_0806,18,M,Morocco,Budget
U_0807,35,M,Congo,Techie
U_0808,49,F,Saint Barthelemy,Techie
U_0809,64,M,Qatar,General
U_0810,66,M,Hungary,General
U_0811,28,Non-Binary,Lithuania,General
U_0812,38,M,Iran,General
U_0813,43,M,Ecuador,Budget
U_0814,42,F,Cameroon,Budget
U_0815,39,F,Palau,Premium
U_0816,44,Non-Binary,Portugal,General
U_0817,66,M,Albania,General
U_0818,30,Non-Binary,Uganda,General
U_0819,50,F,Sao Tome and Principe,Budget
U_0820,51,Non-Binary,Tokelau,General
U_0821,58,F,Sierra Leone,Premium
U_0822,52,Non-Binary,Turks and Caicos Islands,Budget
U_0823,18,Non-Binary,Botswana,Premium
U_0824,38,M,Slovakia (Slovak Republic),Budget
U_0825,65,Non-Binary,Jamaica,Techie
U_0826,23,M,Cyprus,Premium
U_0827,45,M,Christmas Island,Techie
U_0828,34,M,Spain,Techie
U_0829,22,M,Qatar,General
U_0830,48,Non-Binary,Maldives,General
U_0831,22,F,Kyrgyz Republic,Premium
U_0832,55,F,Australia,General
U_0833,20,F,Moldova,General
U_0834,40,Non-Binary,Egypt,Budget
U_0835,54,M,United States Virgin Islands,Techie
U_0836,54,F,Thailand,Budget
U_0837,27,Non-Binary,British Virgin Islands,Budget
U_0838,27,M,Korea,General
U_0839,36,F,Burkina Faso,General
U_0840,34,M,Spain,Budget
U_0841,38,F,Kyrgyz Republic,General
U_0842,31,F,Papua New Guinea,General
U_0843,26,F,Marshall Islands,General
U_0844,63,M,Monaco,Budget
U_0845,18,Non-Binary,Nepal,General
U_0846,68,M,Ghana,Premium
U_0847,62,F,Zambia,Techie
U_0848,30,M,Saudi Arabia,Budget
U_0849,21,Non-Binary,Uganda,Budget
U_0850,18,M,Kenya,General
U_0851,66,Non-Binary,New Zealand,Premium
U_0852,57,Non-Binary,Suriname,Budget
U_0853,49,M,Saint Helena,Budget
U_0854,51,F,Uganda,General
U_0855,45,Non-Binary,Madagascar,Budget
U_0856,48,M,Japan,General
U_0857,25,Non-Binary,Switzerland,Budget
U_0858,56,F,United States of America,Budget
U_0859,43,M,Mexico,Premium
U_0860,51,M,Kiribati,Techie
U_0861,20,M,Ukraine,Premium
U_0862,67,F,Cayman Islands,Premium
U_0863,29,Non-Binary,Samoa,General
U_0864,18,M,Tokelau,Techie
U_0865,61,Non-Binary,Lebanon,Budget
U_0866,22,Non-Binary,Korea,Premium
U_0867,47,F,Eritrea,General
U_0868,47,M,Sao Tome and Principe,Premium
U_0869,34,Non-Binary,Egypt,Budget
U_0870,65,M,Tajikistan,General
U_0871,64,M,Northern Mariana Islands,Techie
U_0872,40,F,Falkland Islands (Malvinas),Techie
U_0873,32,M,Seychelles,Budget
U_0874,54,M,Slovakia (Slovak Republic),Budget
U_0875,38,Non-Binary,Mali,Techie
U_0876,31,F,Libyan Arab Jamahiriya,Budget
U_0877,19,M,Niue,Techie
U_0878,28,Non-Binary,Dominican Republic,Techie
U_0879,68,F,Falkland Islands (Malvinas),Budget
U_0880,56,F,Kazakhstan,General
U_0881,55,Non-Binary,Belarus,General
U_0882,51,Non-Binary,Rwanda,General
U_0883,55,Non-Binary,France,Budget
U_0884,67,Non-Binary,Dominica,Budget
U_0885,51,Non-Binary,Faroe Islands,Techie
U_0886,35,M,Grenada,Budget
U_0887,47,M,Ghana,General
U_0888,32,F,Uganda,Budget
U_0889,44,M,Mauritius,Techie
U_0890,68,M,Belgium,Premium
U_0891,51,M,Burundi,Techie
U_0892,69,Non-Binary,Canada,Budget
U_0893,55,F,Djibouti,Premium
U_0894,50,F,Hungary,Budget
U_0895,41,F,Puerto Rico,General
U_0896,32,F,Cape Verde,Budget
U_0897,47,M,Romania,General
U_0898,59,M,Croatia,General
U_0899,68,Non-Binary,Bahrain,Budget
U_0900,34,F,Israel,General
U_0901,22,M,Ireland,Budget
U_0902,46,M,Greenland,General
U_0903,21,Non-Binary,Mauritius,Techie
U_0904,27,Non-Binary,Lao People's Democratic Republic,Premium
U_0905,34,Non-Binary,Israel,Premium
U_0906,27,M,Bahamas,Budget
U_0907,34,M,Costa Rica,General
U_0908,37,Non-Binary,Syrian Arab Republic,Budget
U_0909,41,F,Italy,General
U_0910,22,Non-Binary,Iceland,Premium
U_0911,51,Non-Binary,United Kingdom,General
U_0912,23,Non-Binary,Sierra Leone,Budget
U_0913,19,Non-Binary,Myanmar,Techie
U_0914,30,M,Yemen,Techie
U_0915,60,F,Qatar,General
U_0916,60,Non-Binary,Angola,Budget
U_0917,65,F,Togo,Budget
U_0918,28,F,Turkmenistan,Budget
U_0919,68,F,Serbia,General
U_0920,64,Non-Binary,Morocco,Budget
U_0921,40,M,Hong Kong,Techie
U_0922,33,Non-Binary,Lesotho,Budget
U_0923,48,F,Albania,General
U_0924,28,F,Western Sahara,General
U_0925,33,M,Guinea,Techie
U_0926,25,Non-Binary,French Southern Territories,Premium
U_0927,21,F,Sao Tome and Principe,Budget
U_0928,57,M,Iceland,Budget
U_0929,21,F,Timor-Leste,Budget
U_0930,42,M,Uganda,General
U_0931,20,M,Zimbabwe,Techie
U_0932,49,Non-Binary,Syrian Arab Republic,General
U_0933,20,F,Italy,Premium
U_0934,44,Non-Binary,Mauritania,General
U_0935,46,F,San Marino,Techie
U_0936,49,Non-Binary,Saint Pierre and Miquelon,Techie
U_0937,67,F,Mayotte,Budget
U_0938,68,Non-Binary,South Georgia and the South Sandwich Islands,Techie
U_0939,36,M,Netherlands,Techie
U_0940,38,F,Ukraine,General
U_0941,22,F,Cyprus,General
U_0942,35,M,Libyan Arab Jamahiriya,Premium
U_0943,45,Non-Binary,Cyprus,Budget
U_0944,59,F,Faroe Islands,Techie
U_0945,39,F,Jordan,Techie
U_0946,38,Non-Binary,Libyan Arab Jamahiriya,Budget
U_0947,23,M,Antarctica (the territory South of 60 deg S),General
U_0948,18,Non-Binary,Iceland,General
U_0949,22,Non-Binary,Guadeloupe,General
U_0950,58,Non-Binary,Paraguay,Budget
U_0951,29,F,Philippines,General
U_0952,43,M,South Georgia and the South Sandwich Islands,General
U_0953,63,M,Iraq,Techie
U_0954,51,Non-Binary,Saint Kitts and Nevis,Techie
U_0955,66,F,Chad,General
U_0956,31,Non-Binary,Tajikistan,Techie
U_0957,43,F,Lao People's Democratic Republic,Premium
U_0958,62,F,Uruguay,Techie
U_0959,44,F,Brunei Darussalam,Techie
U_0960,26,F,Nigeria,Budget
U_0961,43,M,Martinique,General
U_0962,64,F,Anguilla,General
U_0963,39,F,United States of America,Techie
U_0964,64,Non-Binary,India,Budget
U_0965,47,Non-Binary,Nauru,Techie
U_0966,60,M,Mongolia,Budget
U_0967,65,Non-Binary,Panama,Budget
U_0968,34,F,Anguilla,Techie
U_0969,43,Non-Binary,Belize,Premium
U_0970,53,M,Norway,Techie
U_0971,18,Non-Binary,Japan,Budget
U_0972,25,Non-Binary,Burkina Faso,Premium
U_0973,66,M,Tonga,Budget
U_0974,52,M,Kyrgyz Republic,General
U_0975,69,F,Cocos (Keeling) Islands,Techie
U_0976,32,Non-Binary,Australia,General
U_0977,64,F,Eritrea,Premium
U_0978,39,Non-Binary,Hong Kong,Budget
U_0979,31,Non-Binary,Greece,General
U_0980,43,F,Croatia,Budget
U_0981,45,Non-Binary,Korea,Premium
U_0982,40,Non-Binary,Greece,Techie
U_0983,31,Non-Binary,Guadeloupe,Budget
U_0984,41,M,Senegal,General
U_0985,19,F,Turkmenistan,Techie
U_0986,62,M,Hong Kong,Budget
U_0987,43,F,Fiji,Budget
U_0988,31,F,Sao Tome and Principe,Budget
U_0989,68,Non-Binary,Zambia,General
U_0990,24,F,Switzerland,General
U_0991,20,M,Italy,Budget
U_0992,64,M,El Salvador,Budget
U_0993,40,M,Syrian Arab Republic,General
U_0994,63,F,Belgium,Techie
U_0995,60,M,Latvia,Premium
U_0996,64,F,Andorra,Premium
U_0997,62,M,San Marino,Budget
U_0998,35,M,Mauritius,General
U_0999,55,F,Austria,General
U_1000,52,M,Zambia,Budget
U_1001,68,Non-Binary,Guernsey,Techie
U_1002,32,F,Czech Republic,Premium
U_1003,42,F,Pakistan,Premium
U_1004,54,F,Bangladesh,Budget
U_1005,45,Non-Binary,Slovakia (Slovak Republic),General
U_1006,27,F,Pakistan,Techie
U_1007,56,M,Armenia,Techie
U_1008,34,M,Saudi Arabia,Premium
U_1009,56,M,Antarctica (the territory South of 60 deg S),Budget
U_1010,39,F,Zambia,Budget
U_1011,43,M,Egypt,General
U_1012,61,F,Cook Islands,Budget
U_1013,42,M,Taiwan,General
U_1014,34,Non-Binary,Angola,Premium
U_1015,30,Non-Binary,Nigeria,Premium
U_1016,37,Non-Binary,Cape Verde,Techie
U_1017,42,Non-Binary,Dominican Republic,Premium
U_1018,21,F,Brunei Darussalam,Budget
U_1019,27,M,Lebanon,Premium
U_1020,20,Non-Binary,Paraguay,General
U_1021,58,F,Brazil,General
U_1022,62,Non-Binary,Mongolia,Budget
U_1023,35,Non-Binary,Yemen,Techie
U_1024,64,F,Cuba,Budget
U_1025,53,F,Lao People's Democratic Republic,Budget
U_1026,64,M,Reunion,Budget
U_1027,39,M,Equatorial Guinea,General
U_1028,51,Non-Binary,Seychelles,Budget
U_1029,64,Non-Binary,Heard Island and McDonald Islands,Budget
U_1030,25,M,Chad,Budget
U_1031,57,M,New Caledonia,Budget
U_1032,66,F,New Caledonia,Techie
U_1033,61,M,San Marino,Budget
U_1034,36,M,Saint Barthelemy,Budget
U_1035,59,Non-Binary,Brazil,Techie
U_1036,58,M,Slovakia (Slovak Republic),Premium
U_1037,54,Non-Binary,Svalbard & Jan Mayen Islands,General
U_1038,23,M,Central African Republic,Techie
U_1039,69,F,Georgia,Budget
U_1040,43,M,Botswana,General
U_1041,51,M,Mozambique,Budget
U_1042,62,M,Anguilla,Techie
U_1043,23,Non-Binary,Vanuatu,Premium
U_1044,54,F,Georgia,Budget
U_1045,50,M,Morocco,Techie
U_1046,39,Non-Binary,Philippines,General
U_1047,38,F,United States of America,General
U_1048,23,Non-Binary,Honduras,Techie
U_1049,23,Non-Binary,Indonesia,Premium
U_1050,65,F,Western Sahara,Budget
U_1051,21,M,Saint Barthelemy,Budget
U_1052,47,Non-Binary,Congo,Techie
U_1053,28,Non-Binary,Belarus,Premium
U_1054,47,M,Nauru,General
U_1055,48,M,Portugal,Premium
U_1056,41,F,Switzerland,Premium
U_1057,26,F,Niue,Premium
U_1058,20,F,Ecuador,General
U_1059,68,M,Bosnia and Herzegovina,General
U_1060,48,Non-Binary,Qatar,Techie
U_1061,57,Non-Binary,Sierra Leone,Premium
U_1062,54,F,Gabon,General
U_1063,53,M,Thailand,Budget
U_1064,41,Non-Binary,Poland,General
U_1065,48,F,Netherlands Antilles,Techie
U_1066,23,Non-Binary,Sri Lanka,Premium
U_1067,19,Non-Binary,British Indian Ocean Territory (Chagos Archipelago),Techie
U_1068,37,M,South Africa,General
U_1069,45,M,Mongolia,Budget
U_1070,28,Non-Binary,Slovenia,General
U_1071,21,F,Armenia,Premium
U_1072,32,M,Guatemala,Premium
U_1073,23,Non-Binary,Martinique,Budget
U_1074,66,M,Japan,Premium
U_1075,47,M,Panama,Techie
U_1076,55,M,Heard Island and McDonald Islands,Premium
U_1077,68,Non-Binary,Bangladesh,General
U_1078,19,F,Madagascar,Premium
U_1079,32,F,Oman,General
U_1080,28,F,Guam,Techie
U_1081,25,M,American Samoa,General
U_1082,43,Non-Binary,Thailand,Budget
U_1083,68,M,Italy,Premium
U_1084,62,F,Swaziland,Premium
U_1085,61,F,Liechtenstein,Techie
U_1086,22,Non-Binary,Botswana,General
U_1087,23,M,Jersey,Budget
U_1088,43,F,Guyana,Budget
U_1089,21,Non-Binary,North Macedonia,General
U_1090,36,M,Uganda,Budget
U_1091,37,M,Switzerland,General
U_1092,50,F,Kuwait,Techie
U_1093,37,F,Russian Federation,General
U_1094,66,M,Cape Verde,Budget
U_1095,29,M,Jordan,Budget
U_1096,64,F,Christmas Island,Techie
U_1097,18,M,Saint Martin,General
U_1098,43,F,Mali,Premium
U_1099,31,M,Pakistan,Premium
U_1100,55,F,Faroe Islands,Techie
U_1101,54,Non-Binary,Nicaragua,General
U_1102,28,F,Sri Lanka,General
U_1103,53,F,Uruguay,General
U_1104,30,Non-Binary,Mauritania,Budget
U_1105,60,M,Singapore,Budget
U_1106,20,Non-Binary,Liberia,Techie
U_1107,50,F,Lao People's Democratic Republic,General
U_1108,23,M,Jordan,Budget
U_1109,67,Non-Binary,Sweden,Budget
U_1110,27,M,Saint Martin,General
U_1111,22,M,Nauru,Budget
U_1112,40,Non-Binary,Ethiopia,Premium
U_1113,27,M,Gibraltar,Techie
U_1114,61,Non-Binary,Timor-Leste,Techie
U_1115,19,F,Ecuador,General
U_1116,30,M,Switzerland,Premium
U_1117,57,F,Vietnam,Techie
U_1118,19,F,Benin,Techie
U_1119,37,M,Fiji,Techie
U_1120,18,Non-Binary,Turkmenistan,Techie
U_1121,54,M,Korea,Budget
U_1122,26,F,Ecuador,Budget
U_1123,34,F,Sao Tome and Principe,Budget
U_1124,26,Non-Binary,Kyrgyz Republic,Budget
U_1125,28,M,Montenegro,Techie
U_1126,32,F,New Zealand,General
U_1127,41,F,Paraguay,General
U_1128,55,F,Hong Kong,General
U_1129,52,Non-Binary,Guadeloupe,Premium
U_1130,47,F,Antarctica (the territory South of 60 deg S),Premium
U_1131,48,F,Lithuania,Premium
U_1132,66,M,Thailand,Budget
U_1133,22,M,Greece,Budget
U_1134,61,F,Cocos (Keeling) Islands,Techie
U_1135,67,F,Libyan Arab Jamahiriya,General
U_1136,31,M,Croatia,Budget
U_1137,28,Non-Binary,Guinea,Budget
U_1138,26,Non-Binary,South Georgia and the South Sandwich Islands,General
U_1139,51,Non-Binary,Eritrea,Budget
U_1140,29,Non-Binary,Guam,General
U_1141,52,Non-Binary,Fiji,General
U_1142,52,Non-Binary,Turkmenistan,General
U_1143,18,Non-Binary,Nepal,Premium
U_1144,57,Non-Binary,Reunion,General
U_1145,39,M,Turkmenistan,Techie
U_1146,46,Non-Binary,Falkland Islands (Malvinas),Techie
U_1147,25,Non-Binary,Moldova,Premium
U_1148,28,Non-Binary,Algeria,Budget
U_1149,58,F,Maldives,Techie
U_1150,54,M,Yemen,Techie
U_1151,31,M,Comoros,General
U_1152,47,M,Belize,General
U_1153,52,Non-Binary,Dominican Republic,General
U_1154,38,Non-Binary,Saint Helena,Budget
U_1155,54,F,Ireland,General
U_1156,22,M,Liechtenstein,Techie
U_1157,36,Non-Binary,Moldova,General
U_1158,31,M,Senegal,General
U_1159,43,F,Dominican Republic,Budget
U_1160,21,F,Portugal,General
U_1161,42,F,Lebanon,Budget
U_1162,62,M,Oman,Premium
U_1163,59,Non-Binary,Rwanda,Techie
U_1164,42,Non-Binary,Liechtenstein,Budget
U_1165,35,F,Kiribati,General
U_1166,57,Non-Binary,Somalia,Budget
U_1167,25,F,Andorra,Budget
U_1168,56,M,Bermuda,Techie
U_1169,57,F,French Polynesia,General
U_1170,31,M,Cyprus,General
U_1171,49,F,Iraq,General
U_1172,68,Non-Binary,Puerto Rico,General
U_1173,55,Non-Binary,Ecuador,Premium
U_1174,50,F,Gambia,Budget
U_1175,40,Non-Binary,Panama,Budget
U_1176,32,Non-Binary,Mozambique,Techie
U_1177,50,Non-Binary,Heard Island and McDonald Islands,General
U_1178,42,M,Lebanon,Premium
U_1179,34,Non-Binary,Micronesia,General
U_1180,50,M,Marshall Islands,Techie
U_1181,64,F,Guatemala,Budget
U_1182,19,Non-Binary,Jamaica,Budget
U_1183,31,Non-Binary,Samoa,General
U_1184,57,Non-Binary,Mexico,General
U_1185,57,F,Greenland,General
U_1186,68,M,Guinea,Budget
U_1187,56,M,Reunion,General
U_1188,68,Non-Binary,Korea,Budget
U_1189,23,F,Faroe Islands,Budget
U_1190,23,F,Gambia,General
U_1191,20,F,El Salvador,Budget
U_1192,24,F,Djibouti,General
U_1193,68,F,British Indian Ocean Territory (Chagos Archipelago),Budget
U_1194,25,M,Saint Helena,Techie
U_1195,59,M,Congo,General
U_1196,69,M,Germany,Premium
U_1197,32,Non-Binary,British Indian Ocean Territory (Chagos Archipelago),General
U_1198,64,F,Samoa,Budget
U_1199,46,Non-Binary,Mauritania,Techie
U_1200,50,F,Zambia,Premium
U_1201,69,M,Serbia,Budget
U_1202,47,Non-Binary,Portugal,Premium
U_1203,56,M,Colombia,Budget
U_1204,44,F,Congo,General
U_1205,53,F,Cuba,Premium
U_1206,46,F,Saint Vincent and the Grenadines,Budget
U_1207,55,M,Liberia,Premium
U_1208,50,F,Falkland Islands (Malvinas),Premium
U_1209,54,M,Saint Kitts and Nevis,General
U_1210,44,Non-Binary,Namibia,General
U_1211,50,F,Senegal,Premium
U_1212,21,F,Malta,General
U_1213,39,F,Nepal,Techie
U_1214,19,Non-Binary,Finland,Budget
U_1215,27,F,Bolivia,General
U_1216,22,M,Syrian Arab Republic,Techie
U_1217,27,M,Congo,General
U_1218,50,F,French Polynesia,General
U_1219,55,F,Denmark,Premium
U_1220,30,Non-Binary,Guyana,General
U_1221,48,Non-Binary,Christmas Island,General
U_1222,64,Non-Binary,Gabon,Techie
U_1223,53,F,American Samoa,Techie
U_1224,62,Non-Binary,Russian Federation,Premium
U_1225,41,Non-Binary,Martinique,General
U_1226,69,M,Brunei Darussalam,General
U_1227,32,Non-Binary,Falkland Islands (Malvinas),Budget
U_1228,46,M,Aruba,Premium
U_1229,25,M,Austria,Techie
U_1230,22,Non-Binary,Micronesia,Budget
U_1231,46,M,French Guiana,Budget
U_1232,64,F,Qatar,Techie
U_1233,21,F,Western Sahara,Premium
U_1234,29,Non-Binary,Brunei Darussalam,Premium
U_1235,62,F,Northern Mariana Islands,Budget
U_1236,19,M,Trinidad and Tobago,Budget
U_1237,44,F,Sao Tome and Principe,General
U_1238,48,Non-Binary,Liechtenstein,Techie
U_1239,68,Non-Binary,Bosnia and Herzegovina,Budget
U_1240,68,M,Tunisia,Premium
U_1241,53,Non-Binary,American Samoa,Techie
U_1242,53,F,Montserrat,Budget
U_1243,43,Non-Binary,Finland,Budget
U_1244,60,M,Latvia,Budget
U_1245,44,Non-Binary,Lesotho,General
U_1246,22,F,Kazakhstan,General
U_1247,37,M,Guam,General
U_1248,28,F,Colombia,General
U_1249,27,M,Austria,General
U_1250,57,Non-Binary,El Salvador,Techie
U_1251,55,M,Wallis and Futuna,Techie
U_1252,23,M,Tokelau,Budget
U_1253,25,Non-Binary,Lesotho,Techie
U_1254,40,F,Brazil,General
U_1255,64,Non-Binary,Swaziland,Techie
U_1256,43,M,Bahrain,Premium
U_1257,63,Non-Binary,Iran,Budget
U_1258,60,M,Liechtenstein,Techie
U_1259,29,Non-Binary,Barbados,General
U_1260,43,Non-Binary,Morocco,General
U_1261,30,F,Norfolk Island,Premium
U_1262,57,M,Poland,General
U_1263,35,F,Austria,Techie
U_1264,42,M,Canada,General
U_1265,50,Non-Binary,Canada,Techie
U_1266,64,M,Sudan,Techie
U_1267,57,F,Mongolia,Techie
U_1268,60,F,Yemen,General
U_1269,29,F,Gabon,General
U_1270,61,M,Belize,Budget
U_1271,53,F,Egypt,Budget
U_1272,65,F,British Indian Ocean Territory (Chagos Archipelago),General
U_1273,21,F,Moldova,Techie
U_1274,22,Non-Binary,Serbia,Techie
U_1275,54,Non-Binary,Israel,Techie
U_1276,25,M,New Caledonia,Budget
U_1277,59,M,Nepal,General
U_1278,66,F,Somalia,General
U_1279,45,Non-Binary,Niger,Premium
U_1280,48,F,Czech Republic,Premium
U_1281,26,F,Singapore,General
U_1282,68,Non-Binary,Mali,Budget
U_1283,46,Non-Binary,Hong Kong,General
U_1284,31,Non-Binary,Korea,Budget
U_1285,57,M,United States of America,Techie
U_1286,58,M,Kenya,General
U_1287,39,F,French Southern Territories,General
U_1288,28,M,Tokelau,Premium
U_1289,40,Non-Binary,Namibia,General
U_1290,18,Non-Binary,Japan,Premium
U_1291,63,M,Gambia,Budget
U_1292,54,F,Montenegro,General
U_1293,38,F,Niger,General
U_1294,43,M,Bahamas,Techie
U_1295,63,F,New Zealand,Premium
U_1296,53,F,Saint Vincent and the Grenadines,Budget
U_1297,40,F,Bolivia,Budget
U_1298,18,Non-Binary,Yemen,Techie
U_1299,68,Non-Binary,Serbia,General
U_1300,57,M,Cote d'Ivoire,Techie
U_1301,32,Non-Binary,Niue,General
U_1302,38,F,Croatia,Budget
U_1303,64,Non-Binary,Estonia,Premium
U_1304,26,M,Panama,Budget
U_1305,26,Non-Binary,Belgium,Premium
U_1306,27,F,Cayman Islands,Budget
U_1307,69,F,Dominican Republic,General
U_1308,43,M,China,Budget
U_1309,58,Non-Binary,Micronesia,General
U_1310,52,Non-Binary,Belarus,Premium
U_1311,69,Non-Binary,Cayman Islands,General
U_1312,42,F,Afghanistan,Techie
U_1313,43,M,Ireland,General
U_1314,28,Non-Binary,Korea,Budget
U_1315,55,F,Portugal,General
U_1316,19,F,Nepal,General
U_1317,24,F,Latvia,Budget
U_1318,35,Non-Binary,French Guiana,Budget
U_1319,44,Non-Binary,Antigua and Barbuda,Premium
U_1320,51,Non-Binary,Djibouti,General
U_1321,44,Non-Binary,France,Techie
U_1322,34,Non-Binary,Romania,Techie
U_1323,60,Non-Binary,Finland,Budget
U_1324,61,Non-Binary,Reunion,Budget
U_1325,68,Non-Binary,Tokelau,General
U_1326,41,Non-Binary,Korea,Budget
U_1327,42,F,Barbados,Techie
U_1328,24,Non-Binary,Poland,General
U_1329,69,M,Djibouti,Budget
U_1330,23,F,Uzbekistan,General
U_1331,41,Non-Binary,Estonia,Budget
U_1332,50,M,Solomon Islands,Techie
U_1333,66,Non-Binary,Somalia,Budget
U_1334,46,M,Niue,General
U_1335,60,M,Namibia,Premium
U_1336,39,M,Panama,Techie
U_1337,43,M,Spain,Techie
U_1338,45,F,Vietnam,Budget
U_1339,67,F,Congo,General
U_1340,38,M,Jamaica,Premium
U_1341,66,Non-Binary,Brazil,General
U_1342,24,M,Mayotte,Budget
U_1343,34,F,Czech Republic,General
U_1344,37,Non-Binary,Oman,Budget
U_1345,58,F,Canada,Premium
U_1346,66,F,United States of America,Budget
U_1347,37,Non-Binary,Ethiopia,General
U_1348,39,M,Sweden,Budget
U_1349,45,M,Cambodia,General
U_1350,57,M,Barbados,General
U_1351,66,M,Bahamas,Budget
U_1352,24,Non-Binary,Chad,Techie
U_1353,18,Non-Binary,Somalia,Budget
U_1354,49,Non-Binary,Gambia,Premium
U_1355,30,F,Nepal,General
U_1356,47,Non-Binary,San Marino,General
U_1357,40,M,Sweden,Techie
U_1358,68,F,Montenegro,Budget
U_1359,36,M,Uruguay,Premium
U_1360,49,M,France,Budget
U_1361,47,Non-Binary,Kazakhstan,General
U_1362,46,Non-Binary,British Virgin Islands,Techie
U_1363,66,M,Lao People's Democratic Republic,General
U_1364,62,M,Portugal,Budget
U_1365,46,F,Gabon,Premium
U_1366,47,Non-Binary,Reunion,Premium
U_1367,33,F,Iraq,Budget
U_1368,57,F,Western Sahara,Premium
U_1369,36,F,Faroe Islands,General
U_1370,35,M,Macao,General
U_1371,18,F,Mauritius,Techie
U_1372,31,F,Lithuania,Techie
U_1373,68,M,Kazakhstan,Budget
U_1374,64,Non-Binary,Belgium,General
U_1375,67,Non-Binary,Netherlands Antilles,Budget
U_1376,19,F,Armenia,General
U_1377,45,M,Tuvalu,Techie
U_1378,66,Non-Binary,Jersey,Premium
U_1379,67,F,Saint Pierre and Miquelon,General
U_1380,47,F,Gibraltar,Budget
U_1381,55,M,Netherlands,Techie
U_1382,68,F,El Salvador,Techie
U_1383,21,Non-Binary,Anguilla,Budget
U_1384,18,M,Bermuda,Premium
U_1385,25,Non-Binary,Denmark,General
U_1386,46,Non-Binary,Peru,General
U_1387,56,Non-Binary,Taiwan,Budget
U_1388,20,F,Tokelau,General
U_1389,49,F,Morocco,Budget
U_1390,27,Non-Binary,Namibia,Budget
U_1391,27,Non-Binary,Zambia,Budget
U_1392,36,M,Angola,Budget
U_1393,63,M,Serbia,Budget
U_1394,51,F,Peru,General
U_1395,50,F,Swaziland,Premium
U_1396,40,M,Ethiopia,Budget
U_1397,45,Non-Binary,Morocco,Budget
U_1398,49,F,Armenia,General
U_1399,67,Non-Binary,Serbia,General
U_1400,24,M,Saudi Arabia,Budget
U_1401,46,F,China,Budget
U_1402,25,F,Latvia,Budget
U_1403,18,M,Maldives,Budget
U_1404,20,F,Pakistan,Budget
U_1405,41,M,Kenya,Premium
U_1406,40,F,United States Virgin Islands,Budget
U_1407,25,M,Fiji,Techie
U_1408,64,F,Cocos (Keeling) Islands,Budget
U_1409,54,Non-Binary,Myanmar,General
U_1410,20,Non-Binary,Jordan,General
U_1411,68,Non-Binary,North Macedonia,Techie
U_1412,50,F,Suriname,Premium
U_1413,45,F,Liechtenstein,Premium
U_1414,64,Non-Binary,Bermuda,Premium
U_1415,25,Non-Binary,Latvia,General
U_1416,51,M,Guernsey,Techie
U_1417,52,M,Ireland,General
U_1418,49,M,Grenada,General
U_1419,41,Non-Binary,Gibraltar,Premium
U_1420,31,Non-Binary,Paraguay,Techie
U_1421,49,Non-Binary,Bosnia and Herzegovina,Budget
U_1422,63,M,Togo,Budget
U_1423,60,F,Central African Republic,Premium
U_1424,33,Non-Binary,Greenland,Budget
U_1425,21,F,Isle of Man,General
U_1426,69,F,Puerto Rico,Budget
U_1427,54,F,Lithuania,Techie
U_1428,38,M,France,Techie
U_1429,31,F,Panama,General
U_1430,48,Non-Binary,Western Sahara,Premium
U_1431,65,M,Iran,General
U_1432,35,Non-Binary,Suriname,Techie
U_1433,24,Non-Binary,Senegal,Premium
U_1434,27,M,Mexico,Budget
U_1435,24,Non-Binary,Argentina,Techie
U_1436,50,Non-Binary,Korea,General
U_1437,40,M,Benin,Techie
U_1438,38,Non-Binary,Germany,General
U_1439,36,F,El Salvador,Techie
U_1440,65,Non-Binary,Gibraltar,Budget
U_1441,36,F,Brazil,Budget
U_1442,53,Non-Binary,Sierra Leone,Premium
U_1443,46,M,Iraq,General
U_1444,35,M,Tonga,General
U_1445,19,Non-Binary,Malaysia,Budget
U_1446,18,M,Sweden,Techie
U_1447,64,Non-Binary,Afghanistan,Premium
U_1448,22,M,Palestinian Territory,Premium
U_1449,37,F,Trinidad and Tobago,Budget
U_1450,28,Non-Binary,Mauritius,Budget
U_1451,59,F,Kyrgyz Republic,Budget
U_1452,19,F,Isle of Man,Budget
U_1453,20,Non-Binary,Austria,Budget
U_1454,40,F,Comoros,Budget
U_1455,29,Non-Binary,Maldives,Techie
U_1456,37,F,Guyana,Premium
U_1457,22,Non-Binary,Nigeria,General
U_1458,54,Non-Binary,Saudi Arabia,Budget
U_1459,55,M,Luxembourg,Premium
U_1460,47,Non-Binary,Niue,Premium
U_1461,26,Non-Binary,Kenya,Budget
U_1462,51,F,Senegal,General
U_1463,61,Non-Binary,Austria,Budget
U_1464,52,M,Costa Rica,General
U_1465,69,F,Ethiopia,General
U_1466,39,F,Mexico,Techie
U_1467,61,M,Bulgaria,Techie
U_1468,41,F,Vanuatu,General
U_1469,34,F,France,Premium
U_1470,27,F,Kazakhstan,Techie
U_1471,47,F,Turkmenistan,Budget
U_1472,63,M,Qatar,Budget
U_1473,40,M,Libyan Arab Jamahiriya,Techie
U_1474,49,F,British Virgin Islands,Techie
U_1475,34,F,Antarctica (the territory South of 60 deg S),General
U_1476,67,M,Norfolk Island,Budget
U_1477,68,M,New Caledonia,General
U_1478,34,M,South Georgia and the South Sandwich Islands,Budget
U_1479,31,F,Dominican Republic,Premium
U_1480,26,F,Russian Federation,Premium
U_1481,57,Non-Binary,Cayman Islands,Premium
U_1482,19,M,Georgia,Budget
U_1483,62,F,Micronesia,Techie
U_1484,42,M,American Samoa,General
U_1485,56,F,Micronesia,Premium
U_1486,26,M,Ireland,Techie
U_1487,39,F,Bermuda,General
U_1488,60,Non-Binary,Czech Republic,General
U_1489,63,Non-Binary,Tajikistan,Techie
U_1490,21,M,United States Minor Outlying Islands,Budget
U_1491,43,F,Brazil,General
U_1492,46,F,Kyrgyz Republic,Techie
U_1493,62,M,Yemen,Budget
U_1494,51,F,British Indian Ocean Territory (Chagos Archipelago),Budget
U_1495,40,M,Oman,General
U_1496,54,F,Syrian Arab Republic,Budget
U_1497,28,M,Cape Verde,General
U_1498,23,F,Luxembourg,Budget
U_1499,35,M,Venezuela,General
U_1500,38,F,Saint Barthelemy,Premium
U_1501,59,Non-Binary,French Guiana,Techie
U_1502,53,F,Malawi,General
U_1503,58,M,Romania,Premium
U_1504,55,Non-Binary,Faroe Islands,Techie
U_1505,51,F,Israel,Budget
U_1506,34,Non-Binary,Syrian Arab Republic,Budget
U_1507,54,F,Liberia,Budget
U_1508,42,Non-Binary,Latvia,General
U_1509,55,M,Ecuador,Budget
U_1510,29,F,Korea,Budget
U_1511,40,F,Micronesia,Premium
U_1512,59,M,Cameroon,Techie
U_1513,39,Non-Binary,Hungary,General
U_1514,38,M,Comoros,Budget
U_1515,44,M,Uruguay,Budget
U_1516,48,Non-Binary,Netherlands Antilles,General
U_1517,23,M,Malawi,Budget
U_1518,44,F,San Marino,General
U_1519,57,F,Turkmenistan,General
U_1520,51,F,Burkina Faso,General
U_1521,29,M,Tonga,Budget
U_1522,62,F,Bangladesh,General
U_1523,24,F,Falkland Islands (Malvinas),General
U_1524,27,F,Sierra Leone,Techie
U_1525,62,F,Somalia,Premium
U_1526,34,F,Timor-Leste,Budget
U_1527,43,F,Israel,Budget
U_1528,38,M,Guam,Techie
U_1529,45,F,Vietnam,Techie
U_1530,63,F,Solomon Islands,Premium
U_1531,19,Non-Binary,Madagascar,Techie
U_1532,60,M,Ethiopia,Premium
U_1533,18,M,Swaziland,Techie
U_1534,68,M,Afghanistan,General
U_1535,53,M,Finland,Budget
U_1536,68,F,Saint Kitts and Nevis,Premium
U_1537,43,F,French Southern Territories,Budget
U_1538,46,Non-Binary,Taiwan,Techie
U_1539,38,Non-Binary,Namibia,General
U_1540,28,M,Mozambique,General
U_1541,57,Non-Binary,Palestinian Territory,Budget
U_1542,28,Non-Binary,Liechtenstein,General
U_1543,53,M,Tonga,Budget
U_1544,66,M,Canada,Techie
U_1545,56,Non-Binary,Kiribati,Budget
U_1546,57,F,Mauritania,General
U_1547,52,Non-Binary,Liberia,Techie
U_1548,51,Non-Binary,Guatemala,General
U_1549,64,F,Grenada,General
U_1550,41,F,Micronesia,Budget
U_1551,39,M,Serbia,Budget
U_1552,22,M,Mayotte,General
U_1553,50,Non-Binary,Honduras,Premium
U_1554,53,F,Korea,Budget
U_1555,64,M,Venezuela,Techie
U_1556,37,Non-Binary,Gibraltar,Techie
U_1557,36,F,Trinidad and Tobago,Budget
U_1558,52,Non-Binary,Comoros,Budget
U_1559,69,M,Qatar,Budget
U_1560,60,M,Dominican Republic,Premium
U_1561,34,F,Montserrat,General
U_1562,62,Non-Binary,Hungary,General
U_1563,60,F,Djibouti,Techie
U_1564,51,M,Togo,Budget
U_1565,26,M,Singapore,General
U_1566,43,Non-Binary,Isle of Man,Techie
U_1567,19,Non-Binary,Aruba,Budget
U_1568,26,Non-Binary,Ghana,General
U_1569,26,F,Samoa,General
U_1570,57,Non-Binary,Lebanon,General
U_1571,34,Non-Binary,Romania,General
U_1572,18,M,United States Minor Outlying Islands,Budget
U_1573,42,M,Sudan,Budget
U_1574,60,Non-Binary,Hong Kong,General
U_1575,57,Non-Binary,Hungary,Budget
U_1576,59,M,Panama,Premium
U_1577,42,Non-Binary,Somalia,General
U_1578,56,F,Swaziland,General
U_1579,52,F,Pakistan,Techie
U_1580,20,F,Canada,General
U_1581,67,Non-Binary,Lithuania,General
U_1582,54,M,Argentina,General
U_1583,61,Non-Binary,Brunei Darussalam,Budget
U_1584,61,Non-Binary,Macao,Budget
U_1585,68,M,Nauru,Premium
U_1586,47,M,Greenland,Budget
U_1587,55,M,Trinidad and Tobago,Budget
U_1588,51,F,Bolivia,Budget
U_1589,29,Non-Binary,Tunisia,Techie
U_1590,36,M,Tanzania,General
U_1591,54,Non-Binary,Kazakhstan,Budget
U_1592,61,F,Bolivia,General
U_1593,66,F,Malta,General
U_1594,34,M,United States Minor Outlying Islands,Budget
U_1595,27,M,Korea,General
U_1596,66,Non-Binary,American Samoa,Techie
U_1597,64,M,Saint Helena,Premium
U_1598,29,Non-Binary,Cambodia,General
U_1599,33,M,Ireland,Budget
U_1600,41,Non-Binary,Trinidad and Tobago,General
U_1601,36,Non-Binary,Palau,Budget
U_1602,25,Non-Binary,Cape Verde,General
U_1603,48,Non-Binary,Belarus,Premium
U_1604,38,F,Latvia,Techie
U_1605,34,Non-Binary,Slovenia,Budget
U_1606,40,M,Estonia,General
U_1607,54,F,Guadeloupe,General
U_1608,33,F,Nigeria,Techie
U_1609,23,Non-Binary,Puerto Rico,Techie
U_1610,25,F,Indonesia,Techie
U_1611,42,Non-Binary,Pakistan,General
U_1612,35,M,Belgium,Techie
U_1613,42,Non-Binary,Timor-Leste,General
U_1614,29,F,Greenland,General
U_1615,32,M,Timor-Leste,Premium
U_1616,43,Non-Binary,Peru,Budget
U_1617,58,M,Togo,Premium
U_1618,62,M,Martinique,General
U_1619,43,F,Hong Kong,Budget
U_1620,64,M,Zimbabwe,Techie
U_1621,49,F,Ghana,General
U_1622,27,M,Niue,Premium
U_1623,33,Non-Binary,Saint Barthelemy,Techie
U_1624,24,M,Tuvalu,Budget
U_1625,34,Non-Binary,Senegal,Budget
U_1626,40,Non-Binary,Libyan Arab Jamahiriya,General
U_1627,43,M,Tunisia,Budget
U_1628,38,Non-Binary,Mauritius,Budget
U_1629,39,M,Argentina,General
U_1630,24,M,Niger,Premium
U_1631,31,Non-Binary,Bangladesh,General
U_1632,32,Non-Binary,Dominica,General
U_1633,24,F,Norfolk Island,Budget
U_1634,26,Non-Binary,Poland,Budget
U_1635,68,F,Uruguay,General
U_1636,65,Non-Binary,France,Techie
U_1637,25,M,Denmark,Budget
U_1638,67,Non-Binary,San Marino,General
U_1639,40,M,Bermuda,Budget
U_1640,46,M,Jordan,General
U_1641,35,M,Bolivia,Budget
U_1642,48,F,Senegal,Budget
U_1643,47,Non-Binary,North Macedonia,Budget
U_1644,69,M,Romania,General
U_1645,56,M,Tunisia,General
U_1646,52,F,Bolivia,General
U_1647,35,Non-Binary,Kenya,Premium
U_1648,59,Non-Binary,Chad,Premium
U_1649,56,F,Puerto Rico,Budget
U_1650,34,F,French Southern Territories,Techie
U_1651,31,Non-Binary,United Kingdom,Techie
U_1652,48,F,Antarctica (the territory South of 60 deg S),Techie
U_1653,41,Non-Binary,Aruba,Budget
U_1654,52,Non-Binary,Greece,General
U_1655,61,M,South Africa,Budget
U_1656,62,M,Azerbaijan,General
U_1657,51,Non-Binary,French Polynesia,Budget
U_1658,20,Non-Binary,Guinea-Bissau,Techie
U_1659,54,Non-Binary,Holy See (Vatican City State),Premium
U_1660,60,Non-Binary,Jersey,Premium
U_1661,57,Non-Binary,Cameroon,Techie
U_1662,43,Non-Binary,Ecuador,Premium
U_1663,40,F,Marshall Islands,Premium
U_1664,61,Non-Binary,Isle of Man,General
U_1665,56,F,Mongolia,General
U_1666,32,F,Pitcairn Islands,General
U_1667,66,Non-Binary,Somalia,Budget
U_1668,21,Non-Binary,Cocos (Keeling) Islands,Techie
U_1669,46,F,Chile,Techie
U_1670,39,F,China,Premium
U_1671,42,Non-Binary,Belgium,Techie
U_1672,30,Non-Binary,New Zealand,Premium
U_1673,35,F,Trinidad and Tobago,Budget
U_1674,50,F,Hong Kong,Budget
U_1675,33,F,Niger,Budget
U_1676,62,M,Pitcairn Islands,General
U_1677,59,F,Dominican Republic,General
U_1678,61,M,Luxembourg,General
U_1679,19,Non-Binary,United States Minor Outlying Islands,General
U_1680,52,Non-Binary,Myanmar,Budget
U_1681,59,F,Cambodia,General
U_1682,51,Non-Binary,Djibouti,General
U_1683,47,Non-Binary,Kyrgyz Republic,Premium
U_1684,30,Non-Binary,Northern Mariana Islands,Techie
U_1685,30,Non-Binary,Equatorial Guinea,General
U_1686,35,M,Kuwait,Techie
U_1687,49,M,Equatorial Guinea,General
U_1688,49,F,Papua New Guinea,Budget
U_1689,52,F,Algeria,Budget
U_1690,56,F,United Arab Emirates,Premium
U_1691,63,Non-Binary,Spain,Techie
U_1692,69,Non-Binary,Lao People's Democratic Republic,General
U_1693,46,M,United Arab Emirates,General
U_1694,66,M,France,Premium
U_1695,46,F,Philippines,Budget
U_1696,61,M,Mayotte,General
U_1697,33,M,Cayman Islands,Techie
U_1698,61,M,Barbados,Budget
U_1699,64,M,Kenya,Techie
U_1700,27,M,Western Sahara,General
U_1701,47,F,Guatemala,General
U_1702,42,F,Namibia,Techie
U_1703,56,M,French Southern Territories,Premium
U_1704,37,F,Northern Mariana Islands,General
U_1705,22,Non-Binary,Jamaica,General
U_1706,18,M,Portugal,Premium
U_1707,47,Non-Binary,El Salvador,Budget
U_1708,66,F,Korea,General
U_1709,20,F,Tanzania,Budget
U_1710,62,Non-Binary,Gabon,Budget
U_1711,31,F,Congo,Techie
U_1712,47,M,Hungary,Budget
U_1713,67,Non-Binary,Timor-Leste,Techie
U_1714,21,M,Liberia,Budget
U_1715,35,Non-Binary,Botswana,General
U_1716,54,F,Dominica,Budget
U_1717,42,Non-Binary,Hong Kong,Budget
U_1718,65,Non-Binary,Montserrat,Budget
U_1719,18,M,Guinea-Bissau,General
U_1720,63,F,Morocco,General
U_1721,32,M,French Polynesia,Budget
U_1722,26,F,Reunion,General
U_1723,32,M,French Polynesia,Techie
U_1724,66,Non-Binary,Angola,General
U_1725,41,M,Switzerland,Premium
U_1726,21,F,Palestinian Territory,General
U_1727,29,F,Indonesia,Budget
U_1728,54,Non-Binary,Falkland Islands (Malvinas),Premium
U_1729,54,F,Algeria,General
U_1730,60,M,Mongolia,Techie
U_1731,23,Non-Binary,Tonga,Budget
U_1732,56,F,Poland,Budget
U_1733,63,F,Slovakia (Slovak Republic),General
U_1734,41,M,Samoa,Techie
U_1735,28,M,Australia,Premium
U_1736,30,Non-Binary,United States Minor Outlying Islands,General
U_1737,51,F,New Caledonia,Budget
U_1738,42,M,Samoa,Premium
U_1739,24,Non-Binary,Luxembourg,General
U_1740,69,F,Syrian Arab Republic,Premium
U_1741,21,F,United Kingdom,Budget
U_1742,25,Non-Binary,United Kingdom,Techie
U_1743,37,Non-Binary,France,General
U_1744,46,M,Singapore,Budget
U_1745,68,F,South Georgia and the South Sandwich Islands,General
U_1746,62,F,Denmark,General
U_1747,63,F,New Caledonia,Budget
U_1748,27,Non-Binary,Spain,General
U_1749,60,M,Guinea,Premium
U_1750,51,F,Cyprus,Premium
U_1751,43,Non-Binary,North Macedonia,General
U_1752,58,F,Comoros,General
U_1753,66,M,Niger,Budget
U_1754,20,F,El Salvador,Premium
U_1755,23,M,Philippines,Techie
U_1756,22,M,Saudi Arabia,Premium
U_1757,22,F,Saint Helena,Premium
U_1758,64,F,Seychelles,Budget
U_1759,40,M,Palestinian Territory,General
U_1760,66,Non-Binary,Pitcairn Islands,Premium
U_1761,26,M,Taiwan,Budget
U_1762,52,F,Burundi,General
U_1763,37,F,Niue,General
U_1764,66,Non-Binary,Bhutan,Techie
U_1765,59,M,United Kingdom,Budget
U_1766,52,M,Niue,Techie
U_1767,67,M,Oman,Budget
U_1768,35,F,Armenia,Budget
U_1769,34,M,Georgia,General
U_1770,41,Non-Binary,Solomon Islands,Budget
U_1771,20,F,Kazakhstan,Budget
U_1772,49,F,Antigua and Barbuda,Budget
U_1773,52,M,Mozambique,Budget
U_1774,55,Non-Binary,Haiti,Budget
U_1775,30,F,Saint Martin,General
U_1776,64,F,Bulgaria,Budget
U_1777,42,M,Bermuda,Budget
U_1778,26,M,United States of America,Budget
U_1779,21,Non-Binary,French Polynesia,General
U_1780,31,M,Greece,Techie
U_1781,54,Non-Binary,San Marino,Premium
U_1782,51,F,Israel,General
U_1783,28,Non-Binary,China,Premium
U_1784,58,Non-Binary,Cook Islands,Premium
U_1785,20,Non-Binary,Bulgaria,Budget
U_1786,45,F,Solomon Islands,Premium
U_1787,46,M,Mauritius,Premium
U_1788,26,F,Turkey,General
U_1789,20,M,Haiti,Budget
U_1790,42,Non-Binary,Marshall Islands,Techie
U_1791,51,Non-Binary,Macao,Budget
U_1792,29,Non-Binary,United States Minor Outlying Islands,Budget
U_1793,59,Non-Binary,Faroe Islands,Premium
U_1794,26,Non-Binary,Switzerland,General
U_1795,32,M,Chad,Premium
U_1796,57,M,Equatorial Guinea,General
U_1797,42,Non-Binary,United States Minor Outlying Islands,Budget
U_1798,22,F,Sweden,Budget
U_1799,28,F,Western Sahara,Budget
U_1800,51,Non-Binary,Liberia,Premium
U_1801,41,M,Sri Lanka,Budget
U_1802,32,F,French Polynesia,Budget
U_1803,55,F,San Marino,General
U_1804,25,F,Trinidad and Tobago,Budget
U_1805,22,Non-Binary,Guadeloupe,Techie
U_1806,65,F,Spain,Premium
U_1807,43,F,Brazil,Techie
U_1808,35,F,Lao People's Democratic Republic,Techie
U_1809,23,F,Belarus,Premium
U_1810,54,M,Cambodia,Budget
U_1811,65,Non-Binary,Saudi Arabia,General
U_1812,30,Non-Binary,Czech Republic,General
U_1813,45,M,Tokelau,Budget
U_1814,22,M,Philippines,Budget
U_1815,30,Non-Binary,Saint Kitts and Nevis,General
U_1816,34,F,Peru,Premium
U_1817,67,F,Indonesia,Techie
U_1818,57,Non-Binary,Tanzania,Premium
U_1819,62,F,Spain,Budget
U_1820,49,M,Moldova,Techie
U_1821,46,F,Haiti,Techie
U_1822,68,F,Bermuda,Budget
U_1823,20,F,Somalia,Techie
U_1824,57,Non-Binary,Indonesia,General
U_1825,51,M,American Samoa,Techie
U_1826,57,F,Estonia,Budget
U_1827,44,Non-Binary,Mauritania,Techie
U_1828,30,F,British Virgin Islands,General
U_1829,62,M,Korea,General
U_1830,50,F,Heard Island and McDonald Islands,Techie
U_1831,23,M,Peru,Budget
U_1832,41,F,San Marino,General
U_1833,36,M,Peru,General
U_1834,33,F,Estonia,Budget
U_1835,57,M,Myanmar,Premium
U_1836,45,F,Hong Kong,Premium
U_1837,50,F,Swaziland,General
U_1838,65,Non-Binary,Northern Mariana Islands,Budget
U_1839,58,Non-Binary,Wallis and Futuna,Techie
U_1840,30,M,Holy See (Vatican City State),General
U_1841,60,F,Botswana,General
U_1842,62,M,Peru,General
U_1843,42,Non-Binary,Djibouti,General
U_1844,59,M,Latvia,Budget
U_1845,53,M,Anguilla,Techie
U_1846,44,Non-Binary,Niger,Premium
U_1847,55,F,Turks and Caicos Islands,General
U_1848,24,M,Western Sahara,Budget
U_1849,22,Non-Binary,Monaco,General
U_1850,60,F,Greece,Techie
U_1851,62,Non-Binary,United States Virgin Islands,General
U_1852,68,M,New Zealand,Budget
U_1853,48,F,Cyprus,Budget
U_1854,40,F,Oman,General
U_1855,59,Non-Binary,Bahrain,Budget
U_1856,27,Non-Binary,North Macedonia,General
U_1857,49,Non-Binary,Swaziland,Budget
U_1858,60,F,Kyrgyz Republic,General
U_1859,47,F,United States of America,Premium
U_1860,56,M,Reunion,Techie
U_1861,48,F,Gabon,General
U_1862,35,M,Pakistan,Premium
U_1863,53,Non-Binary,Ireland,Budget
U_1864,19,Non-Binary,Brazil,Budget
U_1865,31,F,Burundi,Techie
U_1866,30,Non-Binary,Aruba,Techie
U_1867,46,Non-Binary,Yemen,General
U_1868,29,F,Argentina,Techie
U_1869,56,M,Gabon,Premium
U_1870,19,F,Lithuania,Premium
U_1871,49,M,Brazil,Budget
U_1872,30,F,Bhutan,Premium
U_1873,63,F,Dominica,General
U_1874,44,Non-Binary,Tuvalu,General
U_1875,66,F,Mauritania,Premium
U_1876,58,F,Burkina Faso,Techie
U_1877,34,M,Iceland,General
U_1878,57,Non-Binary,Korea,Premium
U_1879,48,M,Heard Island and McDonald Islands,Budget
U_1880,51,M,Paraguay,Budget
U_1881,41,Non-Binary,Zambia,Techie
U_1882,62,Non-Binary,Samoa,General
U_1883,52,Non-Binary,Qatar,General
U_1884,65,F,Yemen,Budget
U_1885,23,Non-Binary,Mauritius,Budget
U_1886,36,Non-Binary,Italy,General
U_1887,47,Non-Binary,Namibia,General
U_1888,24,M,Samoa,Techie
U_1889,27,M,Saint Lucia,Techie
U_1890,58,F,Cape Verde,Budget
U_1891,49,M,Turks and Caicos Islands,General
U_1892,51,F,Israel,General
U_1893,45,M,Palau,Budget
U_1894,32,Non-Binary,Bolivia,General
U_1895,47,M,Syrian Arab Republic,Budget
U_1896,54,F,Liechtenstein,Budget
U_1897,46,M,Nicaragua,Budget
U_1898,39,Non-Binary,Ireland,Budget
U_1899,21,F,Wallis and Futuna,Premium
U_1900,37,Non-Binary,Zambia,Premium
U_1901,49,Non-Binary,Fiji,Techie
U_1902,53,F,Antigua and Barbuda,Techie
U_1903,67,Non-Binary,Portugal,Budget
U_1904,21,Non-Binary,Heard Island and McDonald Islands,Budget
U_1905,44,M,Cuba,Techie
U_1906,34,Non-Binary,Kenya,Premium
U_1907,29,Non-Binary,Kenya,Budget
U_1908,39,Non-Binary,Zambia,General
U_1909,34,Non-Binary,Dominica,General
U_1910,27,F,Timor-Leste,General
U_1911,18,M,Guyana,Techie
U_1912,39,Non-Binary,Bolivia,Budget
U_1913,43,Non-Binary,Poland,General
U_1914,35,F,Heard Island and McDonald Islands,Budget
U_1915,67,Non-Binary,Mayotte,Premium
U_1916,31,F,United Arab Emirates,Budget
U_1917,64,M,Oman,General
U_1918,46,M,Guinea-Bissau,Budget
U_1919,29,Non-Binary,Bahamas,General
U_1920,53,Non-Binary,Indonesia,General
U_1921,52,Non-Binary,Falkland Islands (Malvinas),Techie
U_1922,69,F,Comoros,General
U_1923,29,Non-Binary,British Virgin Islands,Techie
U_1924,24,Non-Binary,Yemen,General
U_1925,46,M,Thailand,Premium
U_1926,28,Non-Binary,Swaziland,General
U_1927,50,M,Korea,Techie
U_1928,23,Non-Binary,Bermuda,General
U_1929,64,M,Panama,Techie
U_1930,32,Non-Binary,Croatia,Techie
U_1931,49,M,Norway,General
U_1932,68,F,Northern Mariana Islands,General
U_1933,28,M,Nepal,Techie
U_1934,40,M,Angola,Budget
U_1935,43,M,Australia,Techie
U_1936,51,Non-Binary,Solomon Islands,General
U_1937,63,Non-Binary,Grenada,General
U_1938,51,Non-Binary,Ecuador,General
U_1939,46,F,Brunei Darussalam,Budget
U_1940,21,F,Solomon Islands,Techie
U_1941,34,M,Mongolia,Techie
U_1942,52,F,Costa Rica,General
U_1943,30,M,Bangladesh,Budget
U_1944,58,M,Switzerland,General
U_1945,56,M,Serbia,Techie
U_1946,32,F,Micronesia,Budget
U_1947,46,Non-Binary,Cote d'Ivoire,Premium
U_1948,46,F,Namibia,Budget
U_1949,28,M,Cuba,Techie
U_1950,69,M,Suriname,Budget
U_1951,49,F,Trinidad and Tobago,Budget
U_1952,19,M,Djibouti,General
U_1953,64,M,Greenland,Budget
U_1954,31,F,Singapore,Budget
U_1955,37,F,Cameroon,Techie
U_1956,39,F,Solomon Islands,Techie
U_1957,28,M,United Arab Emirates,General
U_1958,44,M,Nepal,Premium
U_1959,20,Non-Binary,Afghanistan,General
U_1960,34,Non-Binary,Falkland Islands (Malvinas),Techie
U_1961,61,F,Togo,Budget
U_1962,45,Non-Binary,Cameroon,Budget
U_1963,46,M,Bulgaria,Premium
U_1964,38,Non-Binary,Mauritius,Premium
U_1965,64,M,El Salvador,General
U_1966,33,F,South Georgia and the South Sandwich Islands,Techie
U_1967,54,F,China,Premium
U_1968,37,M,Bouvet Island (Bouvetoya),Budget
U_1969,23,Non-Binary,Panama,Budget
U_1970,36,F,Tonga,Techie
U_1971,22,F,Anguilla,Premium
U_1972,20,Non-Binary,Bulgaria,Techie
U_1973,18,Non-Binary,American Samoa,Budget
U_1974,55,M,Guinea-Bissau,General
U_1975,32,Non-Binary,Somalia,General
U_1976,51,Non-Binary,Solomon Islands,Budget
U_1977,52,Non-Binary,Dominica,Techie
U_1978,66,M,Namibia,General
U_1979,42,M,Gibraltar,Premium
U_1980,41,F,Andorra,Techie
U_1981,29,M,China,Budget
U_1982,35,F,Estonia,Techie
U_1983,32,Non-Binary,Austria,Budget
U_1984,61,F,Brunei Darussalam,General
U_1985,33,F,Saint Vincent and the Grenadines,General
U_1986,44,Non-Binary,Italy,General
U_1987,25,F,Malta,General
U_1988,63,M,Brazil,Techie
U_1989,42,M,Samoa,Premium
U_1990,34,M,Bahrain,General
U_1991,46,M,Lebanon,General
U_1992,25,F,Kiribati,Techie
U_1993,32,F,Slovakia (Slovak Republic),General
U_1994,44,Non-Binary,Guyana,Techie
U_1995,63,F,Malaysia,Techie
U_1996,67,F,Nauru,Techie
U_1997,69,F,Botswana,Budget
U_1998,24,Non-Binary,Korea,Budget
U_1999,20,M,Macao,Budget
U_2000,46,F,Cyprus,Techie
U_2001,61,Non-Binary,Yemen,Premium
U_2002,41,Non-Binary,Nicaragua,Premium
U_2003,20,Non-Binary,Aruba,General
U_2004,37,M,Saint Lucia,Premium
U_2005,63,F,Slovenia,Techie
U_2006,32,Non-Binary,United States of America,Budget
U_2007,42,M,Tonga,Budget
U_2008,47,Non-Binary,Palestinian Territory,General
U_2009,31,Non-Binary,Mali,Techie
U_2010,24,Non-Binary,Gabon,General
U_2011,34,Non-Binary,Kuwait,Budget
U_2012,61,Non-Binary,Norway,Techie
U_2013,37,M,Antarctica (the territory South of 60 deg S),Budget
U_2014,53,F,Bahamas,Budget
U_2015,26,F,Lesotho,Budget
U_2016,55,F,Tanzania,Budget
U_2017,65,F,Iran,Premium
U_2018,39,M,Japan,Budget
U_2019,19,M,Poland,General
U_2020,41,M,Botswana,Premium
U_2021,25,Non-Binary,Liechtenstein,Budget
U_2022,28,Non-Binary,Rwanda,Budget
U_2023,30,Non-Binary,United States of America,Techie
U_2024,34,F,Kenya,Budget
U_2025,25,Non-Binary,Barbados,General
U_2026,38,F,United Arab Emirates,General
U_2027,35,Non-Binary,Belgium,Budget
U_2028,47,F,Gibraltar,Techie
U_2029,35,Non-Binary,New Caledonia,Budget
U_2030,63,Non-Binary,Cameroon,Techie
U_2031,64,M,Bahrain,Premium
U_2032,48,Non-Binary,Brunei Darussalam,Budget
U_2033,55,Non-Binary,Falkland Islands (Malvinas),Budget
U_2034,49,M,Nigeria,General
U_2035,28,F,North Macedonia,Premium
U_2036,62,M,Myanmar,Budget
U_2037,42,M,Mexico,General
U_2038,50,F,Rwanda,Techie
U_2039,55,Non-Binary,Greece,General
U_2040,58,F,Hong Kong,Budget
U_2041,25,Non-Binary,Nepal,General
U_2042,28,Non-Binary,Marshall Islands,General
U_2043,39,F,French Polynesia,Budget
U_2044,68,M,Korea,General
U_2045,41,F,Madagascar,Premium
U_2046,58,Non-Binary,Netherlands,General
U_2047,34,F,Jersey,Budget
U_2048,29,F,Bolivia,Techie
U_2049,63,Non-Binary,South Africa,Premium
U_2050,49,M,Reunion,General
U_2051,32,F,Brazil,Premium
U_2052,33,Non-Binary,Timor-Leste,General
U_2053,39,Non-Binary,Palau,General
U_2054,45,F,Pakistan,Budget
U_2055,37,M,Turkey,General
U_2056,50,F,Seychelles,General
U_2057,27,M,Micronesia,Budget
U_2058,57,M,Saint Helena,Premium
U_2059,49,M,Tonga,Techie
U_2060,67,M,Cuba,Budget
U_2061,50,F,Jersey,Budget
U_2062,19,Non-Binary,Korea,Budget
U_2063,50,Non-Binary,Tuvalu,Budget
U_2064,50,Non-Binary,Denmark,Premium
U_2065,58,Non-Binary,Isle of Man,Budget
U_2066,30,Non-Binary,Guadeloupe,General
U_2067,47,Non-Binary,Sweden,General
U_2068,50,F,Korea,Budget
U_2069,30,M,Iran,General
U_2070,69,Non-Binary,Israel,General
U_2071,43,F,Saint Lucia,General
U_2072,39,Non-Binary,Bhutan,Budget
U_2073,56,Non-Binary,Germany,Budget
U_2074,19,M,Japan,General
U_2075,55,M,Germany,General
U_2076,56,M,Papua New Guinea,General
U_2077,43,Non-Binary,Equatorial Guinea,General
U_2078,63,Non-Binary,Holy See (Vatican City State),Budget
U_2079,67,Non-Binary,Zimbabwe,Techie
U_2080,32,M,Cape Verde,Budget
U_2081,51,F,Poland,Budget
U_2082,59,Non-Binary,Uzbekistan,General
U_2083,61,Non-Binary,Lebanon,Budget
U_2084,66,Non-Binary,Bangladesh,Techie
U_2085,57,F,Bermuda,General
U_2086,28,Non-Binary,Switzerland,Budget
U_2087,20,F,Belize,General
U_2088,23,Non-Binary,Bermuda,General
U_2089,26,F,Jersey,Techie
U_2090,23,Non-Binary,Bhutan,Budget
U_2091,26,M,Samoa,Premium
U_2092,56,M,Saint Vincent and the Grenadines,Premium
U_2093,48,M,Holy See (Vatican City State),Premium
U_2094,49,M,Sudan,Budget
U_2095,58,Non-Binary,Bulgaria,General
U_2096,67,M,Moldova,Budget
U_2097,29,F,Bahamas,General
U_2098,25,M,Namibia,Budget
U_2099,25,M,Zimbabwe,Techie
U_2100,67,M,Monaco,General
U_2101,45,Non-Binary,Monaco,Budget
U_2102,37,M,Greenland,Budget
U_2103,64,F,Paraguay,General
U_2104,24,M,British Virgin Islands,General
U_2105,28,M,Isle of Man,General
U_2106,37,M,Guinea,Premium
U_2107,33,F,Tunisia,Budget
U_2108,21,M,Papua New Guinea,General
U_2109,23,F,Wallis and Futuna,General
U_2110,39,F,Sao Tome and Principe,Techie
U_2111,43,M,Jamaica,General
U_2112,20,F,Trinidad and Tobago,Techie
U_2113,58,Non-Binary,United States Virgin Islands,Premium
U_2114,59,M,Saint Helena,Budget
U_2115,31,M,Austria,Premium
U_2116,28,F,France,Techie
U_2117,35,F,Netherlands Antilles,Budget
U_2118,29,M,Georgia,Premium
U_2119,40,Non-Binary,Guinea,General
U_2120,29,F,Bosnia and Herzegovina,General
U_2121,30,F,Morocco,Techie
U_2122,42,Non-Binary,Madagascar,General
U_2123,62,Non-Binary,Croatia,Budget
U_2124,68,M,Cape Verde,Techie
U_2125,36,Non-Binary,Palestinian Territory,General
U_2126,63,M,Liberia,Techie
U_2127,53,Non-Binary,Czech Republic,Premium
U_2128,62,F,Tanzania,Budget
U_2129,25,M,Botswana,General
U_2130,46,M,Guernsey,Techie
U_2131,49,M,Tanzania,General
U_2132,68,Non-Binary,Moldova,Techie
U_2133,61,F,Heard Island and McDonald Islands,General
U_2134,35,M,Brazil,General
U_2135,23,M,Serbia,General
U_2136,35,M,Fiji,Premium
U_2137,36,M,Montserrat,Techie
U_2138,39,F,Czech Republic,General
U_2139,54,Non-Binary,Sri Lanka,Premium
U_2140,49,F,Japan,Premium
U_2141,58,M,Tanzania,Budget
U_2142,20,F,Monaco,General
U_2143,45,M,Seychelles,Budget
U_2144,27,Non-Binary,Svalbard & Jan Mayen Islands,Techie
U_2145,68,Non-Binary,Nigeria,Premium
U_2146,52,Non-Binary,Nicaragua,Premium
U_2147,46,M,Peru,General
U_2148,32,F,Norway,Budget
U_2149,50,Non-Binary,Moldova,Techie
U_2150,24,M,Anguilla,General
U_2151,29,M,New Caledonia,General
U_2152,66,F,Vanuatu,Budget
U_2153,47,Non-Binary,Palestinian Territory,General
U_2154,38,M,Switzerland,General
U_2155,48,F,Puerto Rico,General
U_2156,41,Non-Binary,Ethiopia,Techie
U_2157,37,F,Antarctica (the territory South of 60 deg S),Techie
U_2158,54,F,Cocos (Keeling) Islands,General
U_2159,21,M,Faroe Islands,General
U_2160,45,M,Reunion,Premium
U_2161,61,M,Serbia,Budget
U_2162,37,F,Georgia,Premium
U_2163,41,M,Uruguay,Premium
U_2164,67,F,Guadeloupe,Budget
U_2165,66,F,Guernsey,Budget
U_2166,68,M,Albania,General
U_2167,49,Non-Binary,Cocos (Keeling) Islands,Budget
U_2168,58,Non-Binary,Trinidad and Tobago,General
U_2169,53,Non-Binary,Cambodia,Budget
U_2170,51,F,Mongolia,Premium
U_2171,53,F,Palestinian Territory,Budget
U_2172,19,F,Iran,Budget
U_2173,32,M,Bangladesh,General
U_2174,51,F,Cambodia,General
U_2175,53,M,Saint Vincent and the Grenadines,Budget
U_2176,23,M,North Macedonia,Techie
U_2177,56,Non-Binary,Antarctica (the territory South of 60 deg S),Techie
U_2178,59,Non-Binary,Bermuda,General
U_2179,68,Non-Binary,San Marino,General
U_2180,68,M,Marshall Islands,Techie
U_2181,29,M,Cuba,General
U_2182,20,M,Honduras,General
U_2183,62,F,Italy,Budget
U_2184,35,M,Korea,Premium
U_2185,57,Non-Binary,Guam,General
U_2186,38,Non-Binary,Cayman Islands,General
U_2187,32,M,Heard Island and McDonald Islands,Techie
U_2188,50,M,Georgia,Techie
U_2189,52,Non-Binary,Saint Helena,Premium
U_2190,43,M,Greece,Techie
U_2191,25,Non-Binary,Singapore,General
U_2192,53,F,Western Sahara,Premium
U_2193,65,Non-Binary,Montenegro,General
U_2194,47,F,Nepal,General
U_2195,40,M,Belize,Budget
U_2196,59,M,Turks and Caicos Islands,Techie
U_2197,61,F,Austria,Premium
U_2198,31,M,Cape Verde,General
U_2199,31,F,Cayman Islands,Budget
U_2200,19,M,Saudi Arabia,Techie
U_2201,54,Non-Binary,Niger,General
U_2202,22,M,Australia,Premium
U_2203,55,Non-Binary,Peru,General
U_2204,62,Non-Binary,Belgium,General
U_2205,58,F,Faroe Islands,Budget
U_2206,64,M,Kenya,Budget
U_2207,31,F,Panama,General
U_2208,56,M,Jamaica,General
U_2209,42,Non-Binary,Libyan Arab Jamahiriya,Budget
U_2210,37,Non-Binary,New Caledonia,Budget
U_2211,19,M,Kenya,Budget
U_2212,56,M,Israel,General
U_2213,23,F,Faroe Islands,Budget
U_2214,34,M,Cuba,Techie
U_2215,42,M,Saudi Arabia,General
U_2216,45,M,Malaysia,Budget
U_2217,19,F,Brazil,Techie
U_2218,52,M,Guatemala,Budget
U_2219,54,Non-Binary,Jersey,General
U_2220,22,F,Bouvet Island (Bouvetoya),Budget
U_2221,18,F,Finland,General
U_2222,57,Non-Binary,Philippines,General
U_2223,29,Non-Binary,Philippines,Budget
U_2224,53,Non-Binary,Nauru,Budget
U_2225,62,M,Libyan Arab Jamahiriya,Premium
U_2226,40,Non-Binary,Malta,Budget
U_2227,64,M,Papua New Guinea,General
U_2228,48,F,Gambia,General
U_2229,28,F,Aruba,Techie
U_2230,27,Non-Binary,Cyprus,Techie
U_2231,20,M,Indonesia,Techie
U_2232,31,Non-Binary,Netherlands Antilles,General
U_2233,33,Non-Binary,Azerbaijan,Premium
U_2234,27,M,Albania,Budget
U_2235,46,Non-Binary,Costa Rica,Budget
U_2236,27,F,Gabon,Techie
U_2237,29,Non-Binary,Yemen,Premium
U_2238,47,M,Croatia,Premium
U_2239,58,M,Seychelles,Budget
U_2240,18,F,Burundi,General
U_2241,22,M,Serbia,Budget
U_2242,37,M,Equatorial Guinea,Budget
U_2243,25,F,French Guiana,Premium
U_2244,60,Non-Binary,Greece,Budget
U_2245,29,F,British Indian Ocean Territory (Chagos Archipelago),Techie
U_2246,18,Non-Binary,Albania,Premium
U_2247,37,F,Luxembourg,Premium
U_2248,45,Non-Binary,San Marino,Techie
U_2249,60,F,Jersey,Budget
U_2250,54,Non-Binary,China,Budget
U_2251,64,F,Bulgaria,General
U_2252,54,Non-Binary,Hong Kong,Premium
U_2253,29,F,Martinique,Premium
U_2254,54,M,Romania,Budget
U_2255,66,Non-Binary,Denmark,Techie
U_2256,66,F,Macao,Techie
U_2257,61,Non-Binary,Monaco,Techie
U_2258,45,Non-Binary,Syrian Arab Republic,General
U_2259,64,F,Paraguay,Budget
U_2260,32,Non-Binary,Sri Lanka,Budget
U_2261,23,F,Guinea,General
U_2262,61,M,Barbados,General
U_2263,37,Non-Binary,Indonesia,Budget
U_2264,67,M,Tokelau,Techie
U_2265,31,Non-Binary,Saint Vincent and the Grenadines,Budget
U_2266,19,Non-Binary,Armenia,Budget
U_2267,26,Non-Binary,Jordan,Premium
U_2268,54,F,Andorra,Budget
U_2269,37,M,Kuwait,General
U_2270,43,Non-Binary,Uruguay,Techie
U_2271,46,F,Belarus,Budget
U_2272,18,Non-Binary,Tokelau,Budget
U_2273,52,F,Germany,General
U_2274,23,Non-Binary,Morocco,Budget
U_2275,54,M,Japan,Techie
U_2276,22,M,Montserrat,Premium
U_2277,50,Non-Binary,Iraq,Techie
U_2278,66,F,Russian Federation,Premium
U_2279,68,Non-Binary,Northern Mariana Islands,Budget
U_2280,31,F,Israel,Budget
U_2281,29,Non-Binary,French Guiana,Budget
U_2282,59,F,Brazil,Premium
U_2283,37,M,Iraq,General
U_2284,67,Non-Binary,Angola,Budget
U_2285,41,M,Greece,Budget
U_2286,60,M,Chile,Techie
U_2287,51,Non-Binary,Spain,Techie
U_2288,42,Non-Binary,Yemen,General
U_2289,67,F,Niger,Techie
U_2290,46,F,Kuwait,Techie
U_2291,56,M,Switzerland,Techie
U_2292,48,F,Portugal,General
U_2293,64,F,Uruguay,General
U_2294,60,Non-Binary,Guyana,Premium
U_2295,67,F,Benin,Budget
U_2296,40,M,Jordan,Budget
U_2297,61,F,Tanzania,Techie
U_2298,55,M,Botswana,General
U_2299,37,Non-Binary,Ecuador,Techie
U_2300,40,M,Jordan,Budget
U_2301,62,F,Namibia,General
U_2302,69,Non-Binary,Iran,General
U_2303,33,F,Malta,Budget
U_2304,67,Non-Binary,Belgium,General
U_2305,59,Non-Binary,Indonesia,Premium
U_2306,25,F,Trinidad and Tobago,General
U_2307,67,F,Georgia,General
U_2308,38,Non-Binary,Samoa,Techie
U_2309,18,Non-Binary,Guadeloupe,General
U_2310,25,F,Cyprus,General
U_2311,46,M,Grenada,Techie
U_2312,49,F,Slovakia (Slovak Republic),Premium
U_2313,55,Non-Binary,Chile,General
U_2314,22,F,Belarus,Budget
U_2315,64,M,Malawi,Premium
U_2316,39,F,North Macedonia,General
U_2317,64,Non-Binary,Brazil,General
U_2318,51,F,Marshall Islands,Premium
U_2319,18,Non-Binary,Malawi,Budget
U_2320,43,Non-Binary,Congo,Premium
U_2321,60,F,United Kingdom,Budget
U_2322,27,Non-Binary,Singapore,Budget
U_2323,47,Non-Binary,Guernsey,General
U_2324,67,M,Guernsey,Budget
U_2325,35,M,Saint Lucia,Techie
U_2326,34,M,Svalbard & Jan Mayen Islands,Premium
U_2327,43,M,Oman,General
U_2328,25,Non-Binary,Suriname,Premium
U_2329,64,F,Cameroon,Budget
U_2330,57,Non-Binary,Dominica,Budget
U_2331,66,Non-Binary,Bosnia and Herzegovina,Techie
U_2332,29,Non-Binary,Cameroon,Techie
U_2333,44,F,Equatorial Guinea,Premium
U_2334,25,M,Congo,Premium
U_2335,42,Non-Binary,China,Budget
U_2336,63,Non-Binary,Netherlands,Techie
U_2337,21,M,Cape Verde,Techie
U_2338,50,Non-Binary,Senegal,Budget
U_2339,18,F,Senegal,Budget
U_2340,36,Non-Binary,Palau,Budget
U_2341,48,Non-Binary,Belarus,Budget
U_2342,33,M,Christmas Island,Techie
U_2343,31,Non-Binary,Zambia,Budget
U_2344,65,Non-Binary,Sierra Leone,Budget
U_2345,22,F,Niue,Budget
U_2346,58,M,Lithuania,General
U_2347,43,M,Kyrgyz Republic,General
U_2348,45,F,Saudi Arabia,Budget
U_2349,19,Non-Binary,Mongolia,Premium
U_2350,67,M,Senegal,Budget
U_2351,23,M,Mozambique,Techie
U_2352,26,Non-Binary,Kiribati,Budget
U_2353,50,Non-Binary,Pitcairn Islands,General
U_2354,58,M,Uzbekistan,Techie
U_2355,42,Non-Binary,Turkmenistan,General
U_2356,65,M,Mongolia,Budget
U_2357,30,Non-Binary,Norway,General
U_2358,26,Non-Binary,North Macedonia,General
U_2359,30,F,Nigeria,Budget
U_2360,48,Non-Binary,Gibraltar,Premium
U_2361,58,F,Tonga,Budget
U_2362,28,Non-Binary,Niue,Budget
U_2363,21,M,Germany,Budget
U_2364,51,M,Canada,Techie
U_2365,55,Non-Binary,Kazakhstan,Premium
U_2366,63,Non-Binary,Bangladesh,General
U_2367,21,M,Latvia,Budget
U_2368,55,Non-Binary,Kenya,General
U_2369,36,F,Norfolk Island,Budget
U_2370,23,F,Gabon,General
U_2371,51,F,South Africa,Premium
U_2372,35,F,Falkland Islands (Malvinas),Budget
U_2373,30,F,Nauru,General
U_2374,58,Non-Binary,Azerbaijan,Premium
U_2375,40,Non-Binary,Guinea,General
U_2376,36,F,Madagascar,Techie
U_2377,62,Non-Binary,Barbados,Techie
U_2378,28,Non-Binary,Georgia,Techie
U_2379,18,F,Kyrgyz Republic,General
U_2380,41,Non-Binary,Korea,Budget
U_2381,24,Non-Binary,Argentina,General
U_2382,42,Non-Binary,Azerbaijan,General
U_2383,38,F,Heard Island and McDonald Islands,Budget
U_2384,32,Non-Binary,Switzerland,Budget
U_2385,18,M,France,General
U_2386,29,M,Belarus,Premium
U_2387,24,F,Oman,Premium
U_2388,32,M,Tonga,Budget
U_2389,38,F,Timor-Leste,Techie
U_2390,36,M,Bermuda,Budget
U_2391,46,M,Nicaragua,Techie
U_2392,42,M,Nepal,General
U_2393,50,F,Madagascar,Budget
U_2394,66,F,Hungary,Techie
U_2395,49,Non-Binary,Kyrgyz Republic,General
U_2396,66,F,Mozambique,General
U_2397,52,M,Micronesia,General
U_2398,61,M,Zimbabwe,Premium
U_2399,55,F,Somalia,General
U_2400,43,F,Saint Vincent and the Grenadines,Budget
U_2401,28,F,Ukraine,Budget
U_2402,52,Non-Binary,Armenia,Budget
U_2403,25,M,Korea,Premium
U_2404,63,Non-Binary,United States of America,General
U_2405,31,Non-Binary,Sudan,Premium
U_2406,27,M,Montserrat,General
U_2407,19,M,Pakistan,General
U_2408,63,F,Comoros,Techie
U_2409,26,F,Gibraltar,Premium
U_2410,20,Non-Binary,Netherlands,Techie
U_2411,38,F,Lebanon,Premium
U_2412,43,F,Macao,Budget
U_2413,25,M,Canada,General
U_2414,65,M,Bahamas,Budget
U_2415,19,F,Korea,Budget
U_2416,23,M,Bosnia and Herzegovina,General
U_2417,45,F,Sudan,Premium
U_2418,46,M,United Arab Emirates,General
U_2419,43,M,Taiwan,Premium
U_2420,42,M,Guam,Premium
U_2421,29,M,Rwanda,Budget
U_2422,22,F,Belize,Premium
U_2423,51,Non-Binary,Madagascar,Premium
U_2424,65,M,Oman,General
U_2425,54,F,China,Techie
U_2426,32,F,Armenia,General
U_2427,61,M,Egypt,Budget
U_2428,53,Non-Binary,Russian Federation,Techie
U_2429,32,M,Kazakhstan,Techie
U_2430,60,F,Kazakhstan,General
U_2431,65,Non-Binary,Malta,Budget
U_2432,40,F,Mali,Techie
U_2433,23,M,New Zealand,General
U_2434,63,Non-Binary,Cayman Islands,Budget
U_2435,67,F,Haiti,General
U_2436,61,F,Holy See (Vatican City State),Budget
U_2437,60,F,United States Virgin Islands,General
U_2438,62,M,Finland,General
U_2439,38,Non-Binary,Iceland,General
U_2440,40,M,Ireland,Premium
U_2441,60,M,Singapore,Budget
U_2442,33,M,Guadeloupe,General
U_2443,64,Non-Binary,Philippines,Techie
U_2444,32,M,Netherlands Antilles,Budget
U_2445,42,M,Austria,General
U_2446,53,M,Somalia,Techie
U_2447,28,M,Norfolk Island,Budget
U_2448,68,F,Oman,Budget
U_2449,32,M,Grenada,Budget
U_2450,21,F,Bahrain,Techie
U_2451,38,M,Greenland,Techie
U_2452,30,Non-Binary,Bhutan,Techie
U_2453,39,F,Moldova,General
U_2454,36,F,Philippines,General
U_2455,51,F,Hungary,Techie
U_2456,31,F,Finland,Budget
U_2457,21,Non-Binary,El Salvador,General
U_2458,65,M,Saint Kitts and Nevis,Premium
U_2459,69,F,Timor-Leste,Techie
U_2460,63,Non-Binary,Palestinian Territory,Techie
U_2461,44,F,United States of America,Premium
U_2462,46,M,Netherlands,General
U_2463,64,F,Tunisia,Budget
U_2464,45,Non-Binary,Canada,General
U_2465,52,M,Grenada,Budget
U_2466,25,Non-Binary,Belgium,General
U_2467,33,M,Myanmar,Budget
U_2468,59,M,Panama,Budget
U_2469,53,M,Cambodia,Premium
U_2470,47,F,United States Virgin Islands,Premium
U_2471,35,Non-Binary,Guernsey,Budget
U_2472,19,Non-Binary,Georgia,Techie
U_2473,66,Non-Binary,Palau,Premium
U_2474,30,M,Qatar,Budget
U_2475,21,F,Panama,Premium
U_2476,43,M,India,General
U_2477,42,Non-Binary,Bulgaria,General
U_2478,47,F,Nepal,General
U_2479,28,F,Russian Federation,General
U_2480,24,F,Wallis and Futuna,Premium
U_2481,48,Non-Binary,Belize,Budget
U_2482,61,F,Georgia,Budget
U_2483,27,F,Monaco,General
U_2484,56,M,Honduras,General
U_2485,30,M,Norway,Techie
U_2486,48,F,Somalia,Budget
U_2487,24,F,Greenland,Budget
U_2488,66,M,Suriname,Premium
U_2489,59,M,Brunei Darussalam,Techie
U_2490,59,M,Paraguay,Budget
U_2491,53,Non-Binary,Reunion,General
U_2492,37,Non-Binary,Switzerland,Premium
U_2493,21,M,Yemen,General
U_2494,24,F,Saint Vincent and the Grenadines,General
U_2495,18,M,Poland,General
U_2496,61,Non-Binary,United States Minor Outlying Islands,Techie
U_2497,62,F,Malta,Techie
U_2498,59,Non-Binary,Bermuda,Techie
U_2499,64,F,Oman,Techie
U_2500,30,Non-Binary,Paraguay,Techie
U_2501,39,F,Jamaica,General
U_2502,38,F,Malawi,General
U_2503,39,F,Guyana,General
U_2504,45,F,Andorra,General
U_2505,26,Non-Binary,Guyana,Budget
U_2506,43,Non-Binary,Georgia,Budget
U_2507,26,F,Cocos (Keeling) Islands,Techie
U_2508,32,F,Zambia,Techie
U_2509,27,Non-Binary,Croatia,General
U_2510,41,F,Guam,Premium
U_2511,59,F,Yemen,Techie
U_2512,25,F,Seychelles,Techie
U_2513,41,M,Libyan Arab Jamahiriya,Budget
U_2514,33,F,Congo,Techie
U_2515,66,M,Czech Republic,General
U_2516,43,F,Burundi,Budget
U_2517,44,Non-Binary,Cape Verde,Techie
U_2518,54,M,Belarus,Techie
U_2519,21,M,French Polynesia,Budget
U_2520,67,F,Tanzania,Budget
U_2521,41,F,Solomon Islands,General
U_2522,36,M,Bolivia,Premium
U_2523,53,Non-Binary,Madagascar,Budget
U_2524,56,Non-Binary,Sierra Leone,Budget
U_2525,27,F,Mauritius,General
U_2526,42,Non-Binary,Syrian Arab Republic,Techie
U_2527,35,Non-Binary,Saint Vincent and the Grenadines,Techie
U_2528,36,F,Turks and Caicos Islands,Budget
U_2529,53,Non-Binary,Malta,General
U_2530,27,F,Argentina,Premium
U_2531,50,M,Panama,Premium
U_2532,67,F,Guadeloupe,Techie
U_2533,22,M,Turkey,Premium
U_2534,64,M,Seychelles,General
U_2535,66,Non-Binary,Niger,General
U_2536,52,Non-Binary,Bulgaria,Premium
U_2537,61,Non-Binary,Nepal,General
U_2538,51,F,Honduras,General
U_2539,50,Non-Binary,Cape Verde,General
U_2540,38,M,Central African Republic,Budget
U_2541,34,Non-Binary,Cocos (Keeling) Islands,Techie
U_2542,39,Non-Binary,Switzerland,Budget
U_2543,65,F,Puerto Rico,General
U_2544,54,F,Sierra Leone,Budget
U_2545,32,M,Nigeria,Techie
U_2546,52,F,Sudan,Premium
U_2547,45,Non-Binary,United Kingdom,Premium
U_2548,24,F,Chad,Techie
U_2549,49,M,Saint Helena,General
U_2550,28,Non-Binary,Kazakhstan,Techie
U_2551,27,M,Aruba,General
U_2552,26,F,Isle of Man,Budget
U_2553,31,F,Haiti,Techie
U_2554,30,M,Philippines,Techie
U_2555,42,Non-Binary,Saint Helena,Budget
U_2556,19,F,Dominica,Techie
U_2557,52,F,Kenya,General
U_2558,24,Non-Binary,New Zealand,Techie
U_2559,38,F,Finland,General
U_2560,35,M,Sao Tome and Principe,Techie
U_2561,20,F,San Marino,Budget
U_2562,59,F,Slovenia,Budget
U_2563,56,Non-Binary,Kiribati,Techie
U_2564,58,M,Djibouti,Budget
U_2565,66,Non-Binary,Martinique,Budget
U_2566,28,F,Dominican Republic,Premium
U_2567,56,F,Georgia,Techie
U_2568,41,Non-Binary,Sudan,Premium
U_2569,63,Non-Binary,Slovenia,General
U_2570,36,Non-Binary,Latvia,Techie
U_2571,21,M,United Kingdom,Premium
U_2572,43,F,Syrian Arab Republic,General
U_2573,55,Non-Binary,Congo,Techie
U_2574,59,F,Heard Island and McDonald Islands,Techie
U_2575,49,M,Philippines,Techie
U_2576,56,M,Yemen,Budget
U_2577,62,M,Montserrat,General
U_2578,63,M,Kazakhstan,Premium
U_2579,53,F,Kyrgyz Republic,General
U_2580,57,M,Seychelles,General
U_2581,54,M,Finland,Techie
U_2582,50,Non-Binary,Slovakia (Slovak Republic),Budget
U_2583,53,M,Hong Kong,Budget
U_2584,20,Non-Binary,Macao,Premium
U_2585,26,M,Marshall Islands,Techie
U_2586,25,M,Italy,Budget
U_2587,50,Non-Binary,Central African Republic,Techie
U_2588,23,M,Svalbard & Jan Mayen Islands,Budget
U_2589,58,F,Cook Islands,General
U_2590,56,F,Spain,Budget
U_2591,21,M,Netherlands,General
U_2592,30,F,Burundi,General
U_2593,66,Non-Binary,Tunisia,Techie
U_2594,19,M,El Salvador,General
U_2595,22,M,Austria,Premium
U_2596,61,Non-Binary,Norway,Techie
U_2597,44,Non-Binary,Liberia,Premium
U_2598,49,Non-Binary,Tunisia,Premium
U_2599,38,M,Holy See (Vatican City State),Techie
U_2600,25,Non-Binary,Micronesia,Techie
U_2601,55,Non-Binary,Vietnam,Techie
U_2602,25,F,Bosnia and Herzegovina,Budget
U_2603,67,F,Rwanda,Premium
U_2604,20,M,Tanzania,Budget
U_2605,61,F,Maldives,Budget
U_2606,20,F,Thailand,Budget
U_2607,39,Non-Binary,British Virgin Islands,Budget
U_2608,23,Non-Binary,Finland,Budget
U_2609,19,F,Belize,General
U_2610,40,F,Serbia,Budget
U_2611,61,F,Central African Republic,General
U_2612,19,M,Faroe Islands,Budget
U_2613,55,M,Korea,General
U_2614,34,M,United Kingdom,Techie
U_2615,52,F,Malaysia,Premium
U_2616,51,F,Cameroon,Techie
U_2617,40,M,Switzerland,Premium
U_2618,47,M,Jordan,Techie
U_2619,69,F,Bermuda,Budget
U_2620,25,Non-Binary,Yemen,General
U_2621,39,M,United States Minor Outlying Islands,Premium
U_2622,61,F,Cyprus,Premium
U_2623,53,F,Svalbard & Jan Mayen Islands,General
U_2624,22,Non-Binary,Korea,Premium
U_2625,30,F,Turks and Caicos Islands,General
U_2626,46,F,Guernsey,Techie
U_2627,48,M,Venezuela,General
U_2628,64,M,Anguilla,Budget
U_2629,33,Non-Binary,Israel,General
U_2630,59,Non-Binary,Austria,General
U_2631,47,F,Indonesia,Budget
U_2632,33,M,Macao,Budget
U_2633,29,Non-Binary,Holy See (Vatican City State),Premium
U_2634,34,Non-Binary,Dominica,General
U_2635,33,Non-Binary,Hungary,Budget
U_2636,29,F,Belgium,Techie
U_2637,25,M,Holy See (Vatican City State),Budget
U_2638,37,Non-Binary,Czech Republic,Premium
U_2639,20,M,Antarctica (the territory South of 60 deg S),Techie
U_2640,33,Non-Binary,Ghana,General
U_2641,47,Non-Binary,Venezuela,Techie
U_2642,62,M,Bolivia,General
U_2643,40,M,Taiwan,Techie
U_2644,45,M,Rwanda,Budget
U_2645,68,F,Pakistan,Premium
U_2646,57,Non-Binary,Grenada,Techie
U_2647,22,F,Somalia,General
U_2648,37,M,Cameroon,General
U_2649,57,Non-Binary,Burundi,Budget
U_2650,61,F,Argentina,Budget
U_2651,18,Non-Binary,France,Budget
U_2652,47,F,United States Virgin Islands,General
U_2653,38,M,Switzerland,General
U_2654,37,F,Latvia,General
U_2655,23,Non-Binary,Qatar,Premium
U_2656,39,Non-Binary,Switzerland,Techie
U_2657,35,Non-Binary,Burundi,Techie
U_2658,25,Non-Binary,Senegal,Budget
U_2659,56,M,Romania,Techie
U_2660,49,F,Latvia,Budget
U_2661,50,M,Kiribati,Budget
U_2662,33,M,Nicaragua,General
U_2663,29,M,Albania,General
U_2664,55,Non-Binary,United Kingdom,Premium
U_2665,69,Non-Binary,Belgium,Techie
U_2666,51,Non-Binary,Andorra,Premium
U_2667,31,F,Equatorial Guinea,General
U_2668,53,Non-Binary,Cuba,General
U_2669,50,F,Syrian Arab Republic,General
U_2670,40,Non-Binary,Canada,General
U_2671,67,Non-Binary,Mexico,Budget
U_2672,62,M,Wallis and Futuna,Premium
U_2673,19,M,Saint Lucia,Techie
U_2674,58,M,New Caledonia,Premium
U_2675,38,F,Marshall Islands,General
U_2676,19,F,Jamaica,Premium
U_2677,44,Non-Binary,Bouvet Island (Bouvetoya),Budget
U_2678,26,F,Singapore,Premium
U_2679,18,Non-Binary,France,General
U_2680,28,F,Dominica,Budget
U_2681,20,F,Gabon,Techie
U_2682,69,F,British Virgin Islands,Premium
U_2683,40,M,Australia,Budget
U_2684,43,F,Dominican Republic,Techie
U_2685,21,M,Italy,General
U_2686,35,M,Northern Mariana Islands,Techie
U_2687,23,F,South Africa,General
U_2688,52,Non-Binary,Nigeria,Budget
U_2689,39,Non-Binary,Kuwait,Budget
U_2690,60,Non-Binary,Bahrain,General
U_2691,32,F,Bouvet Island (Bouvetoya),Premium
U_2692,39,Non-Binary,Taiwan,Techie
U_2693,54,M,United Kingdom,General
U_2694,69,Non-Binary,Luxembourg,Premium
U_2695,59,F,Nepal,General
U_2696,29,Non-Binary,Mauritania,Budget
U_2697,64,M,Andorra,Budget
U_2698,66,F,Norfolk Island,Budget
U_2699,59,Non-Binary,Malaysia,General
U_2700,55,F,Morocco,Budget
U_2701,35,F,Dominican Republic,General
U_2702,62,F,Saint Barthelemy,General
U_2703,52,Non-Binary,Cambodia,Techie
U_2704,47,F,French Guiana,Techie
U_2705,41,Non-Binary,Japan,Techie
U_2706,59,M,Afghanistan,Premium
U_2707,47,Non-Binary,Nicaragua,Techie
U_2708,31,M,Guinea,Techie
U_2709,23,Non-Binary,Dominican Republic,General
U_2710,20,F,Montserrat,General
U_2711,33,Non-Binary,Israel,General
U_2712,24,F,Colombia,General
U_2713,69,M,Papua New Guinea,Techie
U_2714,31,Non-Binary,Paraguay,General
U_2715,26,F,Belize,General
U_2716,32,M,Malta,Premium
U_2717,38,M,Guyana,General
U_2718,52,Non-Binary,Bangladesh,Premium
U_2719,19,M,Zimbabwe,Techie
U_2720,44,F,Malta,General
U_2721,19,M,Mayotte,General
U_2722,52,M,Madagascar,Budget
U_2723,35,F,Solomon Islands,General
U_2724,31,M,Madagascar,Techie
U_2725,37,M,Micronesia,Budget
U_2726,35,M,Angola,General
U_2727,27,M,Iceland,Techie
U_2728,42,F,Tunisia,General
U_2729,19,M,Latvia,Premium
U_2730,42,F,Aruba,Techie
U_2731,50,M,North Macedonia,Techie
U_2732,53,M,Iceland,Premium
U_2733,48,M,Holy See (Vatican City State),Budget
U_2734,31,M,El Salvador,General
U_2735,18,F,San Marino,Techie
U_2736,63,F,Andorra,General
U_2737,33,F,Guinea-Bissau,Premium
U_2738,63,Non-Binary,Solomon Islands,Premium
U_2739,69,M,Bangladesh,Premium
U_2740,20,M,Guatemala,Premium
U_2741,52,F,Dominican Republic,Techie
U_2742,58,Non-Binary,Saint Martin,Techie
U_2743,23,M,Palestinian Territory,Techie
U_2744,42,F,Niue,Budget
U_2745,30,M,Bosnia and Herzegovina,Techie
U_2746,51,M,Sierra Leone,Budget
U_2747,25,F,Mozambique,Budget
U_2748,38,F,Saint Pierre and Miquelon,General
U_2749,51,M,Saudi Arabia,Techie
U_2750,21,M,Grenada,General
U_2751,42,F,Burkina Faso,Premium
U_2752,32,M,Aruba,General
U_2753,21,M,Guinea,Techie
U_2754,62,F,Mayotte,General
U_2755,29,M,Guadeloupe,Premium
U_2756,49,M,Suriname,General
U_2757,49,Non-Binary,Norway,General
U_2758,45,F,China,General
U_2759,30,Non-Binary,Switzerland,Budget
U_2760,48,Non-Binary,Slovakia (Slovak Republic),Budget
U_2761,31,Non-Binary,Poland,Budget
U_2762,37,M,Kyrgyz Republic,Budget
U_2763,35,M,Qatar,General
U_2764,46,Non-Binary,Lesotho,Budget
U_2765,23,Non-Binary,Norfolk Island,Budget
U_2766,49,Non-Binary,Cocos (Keeling) Islands,Budget
U_2767,46,M,Sudan,Budget
U_2768,60,Non-Binary,Burkina Faso,Budget
U_2769,19,Non-Binary,Bahrain,General
U_2770,40,F,Saint Barthelemy,Techie
U_2771,36,F,Singapore,Budget
U_2772,48,M,Western Sahara,Premium
U_2773,68,F,Kuwait,Premium
U_2774,22,F,Argentina,Budget
U_2775,36,F,French Polynesia,General
U_2776,51,M,Cook Islands,General
U_2777,27,F,Aruba,General
U_2778,42,M,Somalia,General
U_2779,19,Non-Binary,Cook Islands,Budget
U_2780,28,F,Turks and Caicos Islands,General
U_2781,67,M,Armenia,General
U_2782,48,F,Germany,General
U_2783,32,Non-Binary,Venezuela,Budget
U_2784,26,M,Georgia,General
U_2785,40,M,Malaysia,General
U_2786,36,M,Indonesia,General
U_2787,26,Non-Binary,Suriname,Budget
U_2788,52,Non-Binary,Mayotte,General
U_2789,38,Non-Binary,Lebanon,General
U_2790,26,M,El Salvador,General
U_2791,45,Non-Binary,Argentina,Techie
U_2792,63,F,Sao Tome and Principe,General
U_2793,68,Non-Binary,Oman,Premium
U_2794,24,M,Comoros,Techie
U_2795,33,F,France,Techie
U_2796,33,Non-Binary,Guinea-Bissau,General
U_2797,50,F,Tokelau,Budget
U_2798,21,F,Slovakia (Slovak Republic),Techie
U_2799,21,M,Australia,General
U_2800,56,F,Tonga,General
U_2801,57,F,Palau,Techie
U_2802,34,M,Greenland,General
U_2803,54,M,Faroe Islands,General
U_2804,56,M,British Virgin Islands,Budget
U_2805,69,F,South Georgia and the South Sandwich Islands,Premium
U_2806,46,F,Heard Island and McDonald Islands,Budget
U_2807,69,F,Jordan,Premium
U_2808,53,M,Tuvalu,Techie
U_2809,55,Non-Binary,Iran,General
U_2810,56,F,Samoa,General
U_2811,67,Non-Binary,Kazakhstan,Budget
U_2812,54,M,Ukraine,Budget
U_2813,69,F,Zimbabwe,Techie
U_2814,52,Non-Binary,Hungary,Techie
U_2815,24,F,Guadeloupe,Budget
U_2816,44,F,Colombia,General
U_2817,45,F,Luxembourg,General
U_2818,39,Non-Binary,Puerto Rico,Premium
U_2819,31,M,Luxembourg,General
U_2820,24,F,Heard Island and McDonald Islands,Premium
U_2821,54,M,Uzbekistan,General
U_2822,39,M,South Georgia and the South Sandwich Islands,Techie
U_2823,22,Non-Binary,Maldives,Budget
U_2824,19,Non-Binary,Ethiopia,General
U_2825,44,M,Spain,Techie
U_2826,38,F,Belize,General
U_2827,55,Non-Binary,Saint Lucia,Premium
U_2828,32,F,Jamaica,Budget
U_2829,38,F,Belgium,Budget
U_2830,27,F,Jersey,Techie
U_2831,40,M,Netherlands,General
U_2832,56,F,Swaziland,Premium
U_2833,22,M,Cocos (Keeling) Islands,General
U_2834,18,M,Mayotte,General
U_2835,30,F,French Polynesia,General
U_2836,38,F,Gibraltar,Techie
U_2837,43,F,Bosnia and Herzegovina,General
U_2838,67,F,Belgium,Techie
U_2839,62,M,Greece,Techie
U_2840,38,F,Panama,Budget
U_2841,35,F,French Polynesia,Premium
U_2842,54,M,Gambia,Budget
U_2843,62,Non-Binary,Kiribati,Techie
U_2844,49,Non-Binary,Netherlands,Budget
U_2845,53,M,Saint Barthelemy,Premium
U_2846,34,Non-Binary,Japan,General
U_2847,52,M,Chad,Premium
U_2848,66,F,Portugal,Budget
U_2849,28,F,Kenya,Budget
U_2850,38,Non-Binary,Guernsey,General
U_2851,69,F,Kiribati,Budget
U_2852,43,Non-Binary,Armenia,Techie
U_2853,21,Non-Binary,Saint Lucia,Techie
U_2854,51,F,Trinidad and Tobago,General
U_2855,69,F,United States Minor Outlying Islands,Techie
U_2856,65,Non-Binary,Guinea,General
U_2857,35,F,Nicaragua,Budget
U_2858,57,M,Jordan,Budget
U_2859,52,F,Falkland Islands (Malvinas),Budget
U_2860,58,F,Northern Mariana Islands,Budget
U_2861,46,M,Somalia,Budget
U_2862,69,F,Yemen,Premium
U_2863,46,F,Azerbaijan,Techie
U_2864,55,Non-Binary,Belarus,General
U_2865,59,F,Paraguay,Premium
U_2866,38,F,Northern Mariana Islands,General
U_2867,59,M,Iraq,Premium
U_2868,30,Non-Binary,Haiti,Budget
U_2869,66,Non-Binary,Malaysia,Techie
U_2870,58,Non-Binary,Spain,Budget
U_2871,34,F,San Marino,Budget
U_2872,26,Non-Binary,Philippines,Premium
U_2873,58,M,Cayman Islands,General
U_2874,18,Non-Binary,Zambia,General
U_2875,19,M,Antarctica (the territory South of 60 deg S),Budget
U_2876,65,Non-Binary,Cambodia,General
U_2877,46,Non-Binary,Thailand,General
U_2878,50,M,New Caledonia,Techie
U_2879,27,Non-Binary,Philippines,General
U_2880,67,Non-Binary,Slovenia,Premium
U_2881,57,Non-Binary,Kazakhstan,Budget
U_2882,38,F,Antigua and Barbuda,Techie
U_2883,45,M,Brunei Darussalam,Techie
U_2884,28,Non-Binary,Bangladesh,Techie
U_2885,51,M,Dominica,Techie
U_2886,25,M,Slovakia (Slovak Republic),General
U_2887,39,M,Oman,General
U_2888,25,Non-Binary,Haiti,General
U_2889,66,Non-Binary,Guyana,General
U_2890,32,M,Hungary,General
U_2891,34,F,Zambia,Budget
U_2892,40,M,Montenegro,Budget
U_2893,41,F,Antigua and Barbuda,Techie
U_2894,62,M,Netherlands,General
U_2895,36,M,Cape Verde,Techie
U_2896,22,M,Philippines,General
U_2897,49,Non-Binary,Korea,Budget
U_2898,61,F,Yemen,Budget
U_2899,18,F,Heard Island and McDonald Islands,General
U_2900,40,M,Holy See (Vatican City State),Budget
U_2901,54,Non-Binary,Kenya,Premium
U_2902,25,Non-Binary,Serbia,Budget
U_2903,30,F,Belarus,Premium
U_2904,25,Non-Binary,Montserrat,General
U_2905,40,F,Burundi,Premium
U_2906,60,F,Marshall Islands,Techie
U_2907,18,F,Haiti,Budget
U_2908,62,Non-Binary,Indonesia,General
U_2909,68,F,Germany,Premium
U_2910,41,F,Pakistan,Techie
U_2911,52,M,Fiji,General
U_2912,41,F,Egypt,Budget
U_2913,34,F,Brazil,General
U_2914,22,M,Anguilla,Techie
U_2915,37,M,Saint Pierre and Miquelon,Premium
U_2916,38,Non-Binary,Colombia,Budget
U_2917,57,F,Luxembourg,General
U_2918,48,Non-Binary,Maldives,General
U_2919,63,Non-Binary,Iceland,Budget
U_2920,53,M,United States Minor Outlying Islands,Premium
U_2921,28,Non-Binary,Monaco,General
U_2922,69,F,British Indian Ocean Territory (Chagos Archipelago),General
U_2923,32,M,Estonia,General
U_2924,36,F,Singapore,Premium
U_2925,24,F,Eritrea,General
U_2926,68,M,Romania,Premium
U_2927,45,F,Kiribati,Budget
U_2928,68,M,Croatia,Techie
U_2929,60,F,New Zealand,General
U_2930,22,M,France,Premium
U_2931,22,Non-Binary,Puerto Rico,Techie
U_2932,47,F,United States Virgin Islands,General
U_2933,49,M,Liechtenstein,Techie
U_2934,25,F,Cook Islands,General
U_2935,27,F,British Virgin Islands,General
U_2936,55,F,Burkina Faso,Budget
U_2937,64,M,Timor-Leste,General
U_2938,49,Non-Binary,Barbados,General
U_2939,65,Non-Binary,Korea,General
U_2940,45,Non-Binary,China,General
U_2941,34,M,United Arab Emirates,General
U_2942,48,Non-Binary,Rwanda,Budget
U_2943,25,M,Kenya,Premium
U_2944,57,F,Benin,General
U_2945,42,F,Sudan,Budget
U_2946,26,Non-Binary,Pitcairn Islands,Budget
U_2947,19,M,Tanzania,General
U_2948,32,F,Ghana,General
U_2949,67,M,Papua New Guinea,Budget
U_2950,20,M,Guatemala,General
U_2951,66,F,Russian Federation,General
U_2952,53,M,Bahrain,Techie
U_2953,21,F,Mexico,General
U_2954,31,F,Mauritius,Premium
U_2955,58,F,French Guiana,Budget
U_2956,58,M,Uganda,Budget
U_2957,42,F,French Southern Territories,Techie
U_2958,67,M,Thailand,Techie
U_2959,27,F,Cayman Islands,General
U_2960,38,F,Rwanda,General
U_2961,53,Non-Binary,Russian Federation,Techie
U_2962,29,Non-Binary,Vanuatu,General
U_2963,44,Non-Binary,Reunion,Budget
U_2964,57,M,Northern Mariana Islands,Budget
U_2965,19,M,China,General
U_2966,30,F,South Africa,Budget
U_2967,49,F,Guyana,Budget
U_2968,48,F,Malawi,General
U_2969,33,F,Czech Republic,Premium
U_2970,49,M,British Virgin Islands,General
U_2971,49,F,Cook Islands,Budget
U_2972,51,F,Somalia,Budget
U_2973,28,Non-Binary,Burundi,Premium
U_2974,27,F,Dominica,Techie
U_2975,32,F,Somalia,Premium
U_2976,34,F,Lithuania,Techie
U_2977,57,M,Anguilla,General
U_2978,35,Non-Binary,Guyana,General
U_2979,26,F,Micronesia,Budget
U_2980,42,F,Montserrat,Techie
U_2981,57,Non-Binary,Heard Island and McDonald Islands,Techie
U_2982,31,F,Lao People's Democratic Republic,General
U_2983,42,M,Spain,General
U_2984,67,F,Micronesia,Budget
U_2985,39,M,Bulgaria,General
U_2986,69,M,New Zealand,Premium
U_2987,47,F,Turks and Caicos Islands,Budget
U_2988,37,Non-Binary,Benin,Budget
U_2989,38,M,Bahrain,Techie
U_2990,61,Non-Binary,Georgia,Techie
U_2991,49,F,Indonesia,Budget
U_2992,68,M,Saint Barthelemy,General
U_2993,63,F,Saint Helena,Budget
U_2994,66,Non-Binary,Lesotho,Techie
U_2995,38,F,Malta,Premium
U_2996,52,F,Isle of Man,Budget
U_2997,49,M,Seychelles,Premium
U_2998,47,F,Ireland,Budget
U_2999,56,F,Swaziland,Techie
U_3000,66,F,Morocco,Budget
U_3001,29,M,Barbados,Techie
U_3002,58,Non-Binary,Brunei Darussalam,Budget
U_3003,64,Non-Binary,Ghana,General
U_3004,35,F,Norway,General
U_3005,38,M,Barbados,Budget
U_3006,30,F,Korea,Techie
U_3007,38,Non-Binary,Lao People's Democratic Republic,Budget
U_3008,25,M,Pitcairn Islands,Techie
U_3009,63,Non-Binary,Maldives,Budget
U_3010,57,Non-Binary,Guatemala,Techie
U_3011,63,M,Brunei Darussalam,Techie
U_3012,24,M,Turkey,General
U_3013,40,F,Switzerland,Techie
U_3014,61,F,Slovakia (Slovak Republic),Techie
U_3015,49,Non-Binary,Micronesia,Premium
U_3016,28,M,Northern Mariana Islands,General
U_3017,39,M,Namibia,General
U_3018,39,F,Cocos (Keeling) Islands,Budget
U_3019,60,Non-Binary,Seychelles,General
U_3020,42,Non-Binary,Bulgaria,Premium
U_3021,39,F,Jersey,General
U_3022,45,M,Macao,General
U_3023,46,F,United States Minor Outlying Islands,Budget
U_3024,30,F,Trinidad and Tobago,General
U_3025,35,F,Azerbaijan,Budget
U_3026,19,F,Switzerland,Budget
U_3027,46,M,British Virgin Islands,Budget
U_3028,38,F,Maldives,General
U_3029,32,M,Cape Verde,Budget
U_3030,69,F,Gabon,Budget
U_3031,44,Non-Binary,Chad,General
U_3032,67,M,Central African Republic,Budget
U_3033,48,Non-Binary,Gibraltar,Budget
U_3034,32,F,Vietnam,Budget
U_3035,68,F,Russian Federation,Premium
U_3036,40,F,Czech Republic,Techie
U_3037,41,M,Guatemala,Budget
U_3038,61,Non-Binary,Yemen,General
U_3039,30,M,Wallis and Futuna,General
U_3040,39,M,Maldives,Premium
U_3041,60,F,Ukraine,Premium
U_3042,54,Non-Binary,Finland,Premium
U_3043,50,F,Tanzania,Techie
U_3044,20,M,Belgium,Budget
U_3045,36,F,El Salvador,Budget
U_3046,40,Non-Binary,Congo,General
U_3047,46,F,North Macedonia,Budget
U_3048,47,Non-Binary,Zimbabwe,Premium
U_3049,56,Non-Binary,Micronesia,General
U_3050,61,F,Falkland Islands (Malvinas),General
U_3051,64,M,Brunei Darussalam,Premium
U_3052,42,F,Niue,General
U_3053,54,M,Gabon,Budget
U_3054,64,M,Nicaragua,General
U_3055,25,F,Martinique,Techie
U_3056,59,M,Bermuda,General
U_3057,33,M,Macao,General
U_3058,25,F,Norway,General
U_3059,18,F,Chile,General
U_3060,61,F,Nauru,Techie
U_3061,22,M,Western Sahara,Premium
U_3062,20,Non-Binary,Mozambique,Techie
U_3063,18,M,Cape Verde,General
U_3064,21,Non-Binary,Chile,General
U_3065,57,F,Palestinian Territory,Budget
U_3066,52,Non-Binary,Nigeria,General
U_3067,49,F,Saint Helena,General
U_3068,59,F,United Arab Emirates,General
U_3069,51,Non-Binary,Netherlands,General
U_3070,60,F,Guadeloupe,Budget
U_3071,42,Non-Binary,Tajikistan,Budget
U_3072,27,F,Uzbekistan,Budget
U_3073,38,M,Mongolia,Budget
U_3074,63,M,Armenia,Techie
U_3075,56,F,Sweden,General
U_3076,44,F,Tonga,General
U_3077,44,Non-Binary,Antarctica (the territory South of 60 deg S),Techie
U_3078,19,M,Belgium,Budget
U_3079,58,Non-Binary,Aruba,Budget
U_3080,65,F,Yemen,Budget
U_3081,30,F,Norway,Premium
U_3082,26,Non-Binary,Sierra Leone,Techie
U_3083,69,F,Morocco,Budget
U_3084,53,M,Estonia,Premium
U_3085,39,Non-Binary,Pakistan,Budget
U_3086,59,M,Cote d'Ivoire,Techie
U_3087,43,M,Seychelles,Techie
U_3088,29,M,Montserrat,Techie
U_3089,34,Non-Binary,Israel,Premium
U_3090,31,F,Niger,General
U_3091,31,M,Northern Mariana Islands,Budget
U_3092,51,M,Antarctica (the territory South of 60 deg S),Techie
U_3093,37,M,Luxembourg,General
U_3094,28,F,Tuvalu,Techie
U_3095,33,F,Niue,General
U_3096,68,Non-Binary,Mayotte,Premium
U_3097,48,F,French Guiana,Techie
U_3098,23,Non-Binary,Norway,Budget
U_3099,36,Non-Binary,Zimbabwe,Techie
U_3100,54,Non-Binary,Gabon,Budget
U_3101,21,Non-Binary,Liberia,Budget
U_3102,64,Non-Binary,Ecuador,Techie
U_3103,21,M,Sri Lanka,Techie
U_3104,37,F,Sri Lanka,Budget
U_3105,27,M,Poland,General
U_3106,41,Non-Binary,Iraq,Techie
U_3107,52,F,French Southern Territories,Budget
U_3108,43,M,Korea,Techie
U_3109,54,M,Barbados,General
U_3110,55,Non-Binary,Portugal,Techie
U_3111,38,M,Bahamas,Premium
U_3112,57,M,Cayman Islands,Premium
U_3113,56,M,Kazakhstan,Techie
U_3114,38,M,Israel,General
U_3115,27,M,Liberia,General
U_3116,55,Non-Binary,Kyrgyz Republic,Budget
U_3117,63,Non-Binary,Costa Rica,Techie
U_3118,21,M,Guam,General
U_3119,62,Non-Binary,New Caledonia,Budget
U_3120,37,Non-Binary,Cambodia,General
U_3121,34,F,Germany,General
U_3122,24,M,Tokelau,Budget
U_3123,21,Non-Binary,Saint Barthelemy,General
U_3124,46,Non-Binary,Ghana,Premium
U_3125,31,M,Saint Martin,General
U_3126,20,F,Tokelau,Premium
U_3127,41,M,Guatemala,Premium
U_3128,54,F,Iran,Techie
U_3129,33,M,Bulgaria,General
U_3130,69,M,Senegal,Budget
U_3131,21,M,Heard Island and McDonald Islands,Techie
U_3132,41,M,Malaysia,Budget
U_3133,51,F,Monaco,Premium
U_3134,47,F,Botswana,Premium
U_3135,35,Non-Binary,Ghana,Techie
U_3136,36,M,Dominican Republic,Premium
U_3137,48,F,Lao People's Democratic Republic,Budget
U_3138,36,F,British Virgin Islands,Budget
U_3139,66,F,Ethiopia,Budget
U_3140,63,M,Korea,Techie
U_3141,36,Non-Binary,Egypt,General
U_3142,39,F,Cambodia,Budget
U_3143,41,M,Bhutan,General
U_3144,62,F,Australia,General
U_3145,29,F,French Guiana,Techie
U_3146,47,Non-Binary,Yemen,Techie
U_3147,55,F,Hungary,General
U_3148,48,F,Tonga,Budget
U_3149,53,M,Nicaragua,Techie
U_3150,36,M,Italy,General
U_3151,65,Non-Binary,Egypt,Techie
U_3152,62,M,Tonga,General
U_3153,53,M,United Arab Emirates,Budget
U_3154,47,Non-Binary,Cayman Islands,General
U_3155,66,F,Suriname,Techie
U_3156,50,Non-Binary,Greece,Premium
U_3157,35,M,Vietnam,Premium
U_3158,69,Non-Binary,Morocco,Techie
U_3159,66,F,Saint Helena,General
U_3160,45,Non-Binary,Germany,Techie
U_3161,64,M,Comoros,General
U_3162,28,M,Serbia,Premium
U_3163,62,Non-Binary,Cayman Islands,Budget
U_3164,50,F,Luxembourg,Budget
U_3165,34,Non-Binary,Malaysia,Budget
U_3166,23,F,Lao People's Democratic Republic,Premium
U_3167,21,F,Luxembourg,Premium
U_3168,37,Non-Binary,Turkmenistan,General
U_3169,65,F,Gambia,General
U_3170,64,M,Luxembourg,Budget
U_3171,44,Non-Binary,Angola,Budget
U_3172,32,F,Bermuda,Budget
U_3173,23,M,Western Sahara,Techie
U_3174,64,Non-Binary,India,Budget
U_3175,31,M,Madagascar,Budget
U_3176,28,M,Kuwait,General
U_3177,56,M,Dominican Republic,General
U_3178,26,F,Cuba,Budget
U_3179,43,Non-Binary,Myanmar,Premium
U_3180,33,Non-Binary,Guinea,Premium
U_3181,22,F,Australia,General
U_3182,69,Non-Binary,Australia,Techie
U_3183,27,M,Finland,Budget
U_3184,67,Non-Binary,Lithuania,General
U_3185,20,F,Nepal,Premium
U_3186,30,M,Turkmenistan,Budget
U_3187,60,F,Tajikistan,Premium
U_3188,66,M,Palau,Techie
U_3189,47,M,Peru,Premium
U_3190,62,Non-Binary,Latvia,Budget
U_3191,23,M,France,Premium
U_3192,34,F,Mauritania,Budget
U_3193,62,Non-Binary,Algeria,General
U_3194,68,F,Tanzania,Budget
U_3195,36,M,Botswana,Budget
U_3196,59,F,Jersey,General
U_3197,52,F,Burkina Faso,General
U_3198,63,M,Turkmenistan,General
U_3199,43,Non-Binary,Estonia,Techie
U_3200,68,F,Saint Lucia,Budget
U_3201,22,M,Haiti,General
U_3202,46,Non-Binary,Serbia,General
U_3203,54,Non-Binary,Iraq,Budget
U_3204,37,Non-Binary,Haiti,General
U_3205,66,F,Aruba,Budget
U_3206,38,F,Iran,General
U_3207,27,F,Austria,General
U_3208,22,Non-Binary,Montenegro,General
U_3209,53,F,Monaco,General
U_3210,23,M,Congo,General
U_3211,43,F,Guyana,Budget
U_3212,21,F,Micronesia,Premium
U_3213,56,Non-Binary,France,Budget
U_3214,56,F,Barbados,Premium
U_3215,67,M,Hungary,General
U_3216,52,Non-Binary,Madagascar,Premium
U_3217,18,M,Korea,Premium
U_3218,41,Non-Binary,Serbia,Techie
U_3219,53,Non-Binary,Mexico,General
U_3220,23,F,Fiji,Budget
U_3221,58,M,Sweden,Premium
U_3222,63,Non-Binary,Nigeria,Budget
U_3223,61,F,Pitcairn Islands,General
U_3224,48,Non-Binary,New Zealand,Budget
U_3225,37,Non-Binary,British Indian Ocean Territory (Chagos Archipelago),General
U_3226,41,Non-Binary,Brunei Darussalam,Budget
U_3227,42,Non-Binary,Bhutan,Budget
U_3228,53,Non-Binary,India,General
U_3229,38,Non-Binary,Holy See (Vatican City State),Budget
U_3230,47,F,South Africa,Premium
U_3231,41,Non-Binary,Guadeloupe,Budget
U_3232,61,M,Moldova,Techie
U_3233,59,F,Wallis and Futuna,Techie
U_3234,47,M,Haiti,Premium
U_3235,39,Non-Binary,Saudi Arabia,Budget
U_3236,45,M,Cambodia,Premium
U_3237,24,Non-Binary,Congo,General
U_3238,52,Non-Binary,Netherlands,General
U_3239,45,F,Malawi,Techie
U_3240,31,F,Iran,Techie
U_3241,27,Non-Binary,Macao,Budget
U_3242,33,F,Armenia,Budget
U_3243,33,M,Aruba,Budget
U_3244,48,F,Argentina,Budget
U_3245,59,F,Burundi,Budget
U_3246,42,M,Rwanda,Techie
U_3247,30,F,Grenada,Techie
U_3248,23,Non-Binary,Spain,General
U_3249,61,M,Lebanon,Budget
U_3250,26,Non-Binary,Maldives,Techie
U_3251,62,M,Korea,General
U_3252,53,Non-Binary,Canada,Techie
U_3253,60,Non-Binary,New Caledonia,Budget
U_3254,37,F,Uganda,Budget
U_3255,35,Non-Binary,Malaysia,Budget
U_3256,60,F,Burundi,Premium
U_3257,38,M,Greece,General
U_3258,21,Non-Binary,Venezuela,Budget
U_3259,67,Non-Binary,New Zealand,Budget
U_3260,50,M,Ghana,General
U_3261,44,M,Central African Republic,General
U_3262,24,Non-Binary,India,Techie
U_3263,23,M,Nicaragua,General
U_3264,32,F,Saint Vincent and the Grenadines,Premium
U_3265,35,M,Tajikistan,Budget
U_3266,49,M,French Southern Territories,Premium
U_3267,28,Non-Binary,Nauru,Techie
U_3268,37,F,Guadeloupe,General
U_3269,41,M,Madagascar,Budget
U_3270,32,F,Switzerland,Techie
U_3271,65,F,Malawi,Premium
U_3272,24,F,Martinique,Techie
U_3273,38,Non-Binary,Liechtenstein,Budget
U_3274,59,M,Russian Federation,Premium
U_3275,43,Non-Binary,Mongolia,General
U_3276,61,M,French Southern Territories,Techie
U_3277,31,M,Lebanon,Techie
U_3278,54,Non-Binary,Suriname,Budget
U_3279,38,F,Andorra,Budget
U_3280,35,F,Heard Island and McDonald Islands,Premium
U_3281,22,M,Greenland,General
U_3282,20,Non-Binary,Peru,General
U_3283,40,F,Bouvet Island (Bouvetoya),Premium
U_3284,43,F,Israel,Premium
U_3285,54,M,Myanmar,General
U_3286,41,M,Gambia,Premium
U_3287,66,Non-Binary,South Africa,Techie
U_3288,36,M,United Arab Emirates,Budget
U_3289,68,F,Saint Kitts and Nevis,General
U_3290,42,F,Tunisia,Techie
U_3291,38,F,Portugal,General
U_3292,29,F,Norfolk Island,General
U_3293,58,Non-Binary,Anguilla,Budget
U_3294,50,Non-Binary,Nepal,General
U_3295,67,M,Lebanon,General
U_3296,21,M,Estonia,Premium
U_3297,59,M,Palau,Budget
U_3298,24,Non-Binary,Slovenia,Budget
U_3299,39,F,Singapore,Techie
U_3300,50,M,Mozambique,Premium
U_3301,34,F,Morocco,Techie
U_3302,41,M,Denmark,Budget
U_3303,51,M,Saint Helena,General
U_3304,45,M,Austria,Budget
U_3305,60,M,Myanmar,Budget
U_3306,58,M,Lesotho,Techie
U_3307,56,F,Chile,Techie
U_3308,39,M,Malta,Budget
U_3309,66,F,Norfolk Island,Budget
U_3310,34,Non-Binary,Saint Helena,Budget
U_3311,51,M,Niger,General
U_3312,23,F,Singapore,General
U_3313,63,Non-Binary,Tajikistan,Techie
U_3314,23,Non-Binary,Hong Kong,General
U_3315,51,Non-Binary,Cameroon,General
U_3316,18,F,Swaziland,Budget
U_3317,27,M,Pitcairn Islands,General
U_3318,38,M,Ecuador,General
U_3319,22,F,Antigua and Barbuda,Budget
U_3320,19,M,Montserrat,Budget
U_3321,39,F,Yemen,Budget
U_3322,65,M,Reunion,Budget
U_3323,19,Non-Binary,Bouvet Island (Bouvetoya),General
U_3324,27,M,Comoros,Techie
U_3325,51,F,Andorra,General
U_3326,33,F,Kazakhstan,General
U_3327,65,Non-Binary,Germany,Techie
U_3328,68,F,Italy,General
U_3329,56,M,Canada,Budget
U_3330,39,M,Isle of Man,Premium
U_3331,29,Non-Binary,Portugal,Techie
U_3332,41,F,Costa Rica,Budget
U_3333,64,Non-Binary,Isle of Man,Budget
U_3334,57,M,Macao,General
U_3335,55,Non-Binary,Singapore,General
U_3336,27,F,New Zealand,Budget
U_3337,52,Non-Binary,Uruguay,General
U_3338,68,F,Latvia,General
U_3339,66,F,Tunisia,Premium
U_3340,49,M,Thailand,Budget
U_3341,24,M,Saint Pierre and Miquelon,General
U_3342,38,M,Saint Lucia,Premium
U_3343,37,F,Bahamas,Budget
U_3344,43,Non-Binary,Romania,Techie
U_3345,21,F,Burundi,General
U_3346,63,M,Maldives,Budget
U_3347,69,M,Cote d'Ivoire,Budget
U_3348,39,Non-Binary,Monaco,Budget
U_3349,32,M,Greece,General
U_3350,57,M,Panama,Budget
U_3351,38,M,Lesotho,Techie
U_3352,32,Non-Binary,Malta,General
U_3353,39,F,Honduras,Budget
U_3354,69,M,Germany,General
U_3355,45,Non-Binary,Zimbabwe,General
U_3356,31,M,China,General
U_3357,44,Non-Binary,Kuwait,Budget
U_3358,58,M,United States Minor Outlying Islands,Techie
U_3359,57,Non-Binary,Martinique,General
U_3360,45,M,Guam,General
U_3361,43,F,Mayotte,Budget
U_3362,66,M,Guinea,General
U_3363,19,Non-Binary,Philippines,Premium
U_3364,42,M,Sierra Leone,Budget
U_3365,20,F,Trinidad and Tobago,Premium
U_3366,25,M,Saint Helena,General
U_3367,61,Non-Binary,Pitcairn Islands,Techie
U_3368,50,Non-Binary,Norway,Techie
U_3369,59,F,Spain,General
U_3370,69,Non-Binary,Puerto Rico,Premium
U_3371,52,M,Estonia,Techie
U_3372,23,M,New Zealand,Premium
U_3373,56,M,Liberia,Premium
U_3374,69,Non-Binary,Congo,General
U_3375,40,M,Egypt,General
U_3376,42,M,Fiji,Techie
U_3377,67,M,Moldova,General
U_3378,60,F,French Southern Territories,Budget
U_3379,36,Non-Binary,Czech Republic,Budget
U_3380,22,Non-Binary,Western Sahara,Techie
U_3381,68,Non-Binary,French Southern Territories,Budget
U_3382,28,F,Sierra Leone,Budget
U_3383,29,Non-Binary,France,Techie
U_3384,27,F,Romania,Budget
U_3385,25,F,Cote d'Ivoire,Budget
U_3386,41,Non-Binary,Portugal,Techie
U_3387,45,M,Romania,Techie
U_3388,58,M,Liechtenstein,General
U_3389,53,Non-Binary,Ghana,Techie
U_3390,54,Non-Binary,Lesotho,Premium
U_3391,38,F,Guernsey,General
U_3392,25,Non-Binary,Monaco,General
U_3393,26,F,Vietnam,Budget
U_3394,64,Non-Binary,Vietnam,Budget
U_3395,32,M,South Africa,General
U_3396,65,M,Saint Helena,Techie
U_3397,63,Non-Binary,Falkland Islands (Malvinas),General
U_3398,57,F,France,General
U_3399,35,M,British Virgin Islands,Techie
U_3400,59,F,Montserrat,General
U_3401,37,Non-Binary,Philippines,Techie
U_3402,23,Non-Binary,Mayotte,Budget
U_3403,29,M,Hong Kong,General
U_3404,19,Non-Binary,Ukraine,Budget
U_3405,24,M,Indonesia,General
U_3406,33,F,Svalbard & Jan Mayen Islands,General
U_3407,20,M,Guatemala,General
U_3408,62,M,Zimbabwe,Techie
U_3409,20,F,Sierra Leone,Techie
U_3410,44,M,Spain,Premium
U_3411,67,M,Cameroon,Premium
U_3412,60,Non-Binary,French Guiana,Techie
U_3413,57,F,Armenia,General
U_3414,55,M,France,General
U_3415,50,F,Zimbabwe,Budget
U_3416,45,F,Rwanda,Techie
U_3417,18,M,Belgium,General
U_3418,25,Non-Binary,Guatemala,Techie
U_3419,54,F,Uzbekistan,Techie
U_3420,49,M,Kenya,General
U_3421,65,F,Palau,General
U_3422,60,Non-Binary,Equatorial Guinea,Premium
U_3423,54,Non-Binary,San Marino,General
U_3424,21,Non-Binary,Lesotho,Budget
U_3425,47,M,Croatia,General
U_3426,23,M,Cook Islands,Budget
U_3427,63,Non-Binary,Sweden,Budget
U_3428,36,M,Mauritania,General
U_3429,49,Non-Binary,Faroe Islands,Budget
U_3430,26,M,Venezuela,General
U_3431,29,Non-Binary,Monaco,General
U_3432,28,F,Qatar,General
U_3433,63,Non-Binary,Faroe Islands,General
U_3434,33,Non-Binary,Burundi,Budget
U_3435,18,M,Botswana,General
U_3436,62,M,Nicaragua,Budget
U_3437,38,M,Saint Vincent and the Grenadines,Premium
U_3438,47,M,Namibia,General
U_3439,30,M,Dominican Republic,Premium
U_3440,51,M,Ecuador,Techie
U_3441,21,F,Australia,Techie
U_3442,45,Non-Binary,Paraguay,Techie
U_3443,55,Non-Binary,United Kingdom,General
U_3444,48,Non-Binary,Marshall Islands,Budget
U_3445,44,F,Czech Republic,Techie
U_3446,22,Non-Binary,Northern Mariana Islands,General
U_3447,42,F,Djibouti,Techie
U_3448,20,F,Austria,Budget
U_3449,50,F,Bolivia,Techie
U_3450,21,Non-Binary,Isle of Man,Premium
U_3451,42,F,Greenland,Budget
U_3452,37,Non-Binary,Saint Barthelemy,General
U_3453,51,Non-Binary,Latvia,Techie
U_3454,43,M,Bolivia,General
U_3455,22,M,Pitcairn Islands,General
U_3456,52,F,Sierra Leone,General
U_3457,45,F,Burundi,Budget
U_3458,46,Non-Binary,Albania,Premium
U_3459,26,F,Mexico,Budget
U_3460,69,F,Vanuatu,General
U_3461,55,Non-Binary,Cayman Islands,Budget
U_3462,67,F,Ireland,Budget
U_3463,23,F,Palau,Techie
U_3464,36,Non-Binary,Vietnam,Budget
U_3465,61,Non-Binary,Turkmenistan,Budget
U_3466,28,M,Turkey,Techie
U_3467,19,Non-Binary,Lebanon,Budget
U_3468,64,M,Lesotho,Budget
U_3469,61,F,Pakistan,Premium
U_3470,61,Non-Binary,Cook Islands,General
U_3471,26,Non-Binary,Saudi Arabia,Techie
U_3472,38,Non-Binary,France,Premium
U_3473,41,F,Gibraltar,Techie
U_3474,51,M,France,Premium
U_3475,39,F,Oman,General
U_3476,20,F,Bahamas,Budget
U_3477,29,Non-Binary,United States of America,General
U_3478,45,M,Seychelles,General
U_3479,47,F,Benin,General
U_3480,43,Non-Binary,Pakistan,Budget
U_3481,65,F,Montserrat,Budget
U_3482,38,F,Djibouti,General
U_3483,45,Non-Binary,Martinique,Budget
U_3484,43,Non-Binary,Saint Vincent and the Grenadines,General
U_3485,50,M,Saint Kitts and Nevis,General
U_3486,38,F,Thailand,General
U_3487,52,Non-Binary,Vietnam,Budget
U_3488,69,Non-Binary,Argentina,General
U_3489,51,M,United States Minor Outlying Islands,General
U_3490,58,M,Uruguay,General
U_3491,68,Non-Binary,China,Budget
U_3492,64,M,Israel,Budget
U_3493,35,Non-Binary,Turkmenistan,Premium
U_3494,28,F,Taiwan,Budget
U_3495,40,M,Christmas Island,Techie
U_3496,65,F,Vietnam,General
U_3497,39,F,Uruguay,Premium
U_3498,34,F,Argentina,General
U_3499,22,Non-Binary,Taiwan,Budget
U_3500,61,F,Indonesia,Budget
U_3501,28,F,Solomon Islands,Budget
U_3502,47,F,Lithuania,Premium
U_3503,32,Non-Binary,Colombia,General
U_3504,44,F,Vietnam,Budget
U_3505,52,F,San Marino,Techie
U_3506,50,M,Tunisia,Techie
U_3507,37,Non-Binary,Vanuatu,General
U_3508,33,F,French Guiana,Budget
U_3509,51,M,Turkey,Budget
U_3510,19,Non-Binary,Argentina,Budget
U_3511,52,Non-Binary,Algeria,Premium
U_3512,57,Non-Binary,French Southern Territories,Budget
U_3513,45,Non-Binary,Montenegro,General
U_3514,64,Non-Binary,Netherlands,Techie
U_3515,56,Non-Binary,Botswana,Techie
U_3516,23,F,Vanuatu,Techie
U_3517,26,F,Grenada,Budget
U_3518,37,F,Finland,Premium
U_3519,18,F,Korea,General
U_3520,25,M,Norway,General
U_3521,40,F,Mayotte,General
U_3522,20,Non-Binary,Malta,General
U_3523,21,F,Lithuania,Budget
U_3524,42,F,Tuvalu,Budget
U_3525,64,Non-Binary,Wallis and Futuna,Budget
U_3526,55,F,Burkina Faso,Premium
U_3527,32,F,Thailand,Budget
U_3528,38,F,Madagascar,Techie
U_3529,52,M,Lao People's Democratic Republic,General
U_3530,63,F,Faroe Islands,General
U_3531,69,Non-Binary,Congo,General
U_3532,31,Non-Binary,Sudan,General
U_3533,53,F,Bouvet Island (Bouvetoya),Budget
U_3534,29,F,Greenland,Budget
U_3535,34,F,Central African Republic,General
U_3536,56,Non-Binary,Saint Martin,Budget
U_3537,26,Non-Binary,Kuwait,Budget
U_3538,52,M,Oman,Premium
U_3539,30,M,Equatorial Guinea,Budget
U_3540,32,M,Saint Barthelemy,Techie
U_3541,35,Non-Binary,Colombia,Premium
U_3542,68,M,American Samoa,Techie
U_3543,50,F,Saint Pierre and Miquelon,General
U_3544,23,F,Guadeloupe,Premium
U_3545,44,Non-Binary,Somalia,Budget
U_3546,40,M,French Polynesia,Budget
U_3547,44,F,Montenegro,Premium
U_3548,51,Non-Binary,Peru,General
U_3549,63,M,Saudi Arabia,General
U_3550,55,F,Congo,General
U_3551,31,M,China,Budget
U_3552,53,Non-Binary,New Zealand,Techie
U_3553,25,M,Togo,Techie
U_3554,52,Non-Binary,Northern Mariana Islands,Techie
U_3555,36,M,Ukraine,Techie
U_3556,47,F,Iraq,Techie
U_3557,31,Non-Binary,Sweden,Techie
U_3558,37,Non-Binary,Japan,General
U_3559,66,Non-Binary,Malaysia,Budget
U_3560,42,M,Greece,General
U_3561,57,M,Benin,Budget
U_3562,41,F,Iran,Budget
U_3563,31,Non-Binary,Paraguay,General
U_3564,43,Non-Binary,Bhutan,General
U_3565,55,M,Colombia,Budget
U_3566,40,M,Burundi,Premium
U_3567,39,F,Lesotho,Budget
U_3568,65,F,Gibraltar,Techie
U_3569,36,M,Vietnam,General
U_3570,63,Non-Binary,Egypt,General
U_3571,68,F,Albania,Techie
U_3572,20,M,Eritrea,Premium
U_3573,59,M,Hungary,Techie
U_3574,36,Non-Binary,Dominica,Premium
U_3575,26,M,Kiribati,General
U_3576,45,M,Sao Tome and Principe,General
U_3577,37,F,Ethiopia,Techie
U_3578,62,M,Zimbabwe,Premium
U_3579,24,M,Greenland,Budget
U_3580,31,F,Gabon,Budget
U_3581,26,Non-Binary,Myanmar,General
U_3582,36,Non-Binary,Saint Kitts and Nevis,Techie
U_3583,64,F,Montserrat,Premium
U_3584,69,F,Algeria,Techie
U_3585,31,Non-Binary,Eritrea,General
U_3586,55,Non-Binary,Palau,Budget
U_3587,53,Non-Binary,Guyana,General
U_3588,57,Non-Binary,Puerto Rico,General
U_3589,34,Non-Binary,Dominica,General
U_3590,47,F,Bahamas,Premium
U_3591,26,M,Papua New Guinea,Budget
U_3592,50,Non-Binary,British Indian Ocean Territory (Chagos Archipelago),Premium
U_3593,69,Non-Binary,Lao People's Democratic Republic,Premium
U_3594,42,M,Gambia,Budget
U_3595,31,M,Cayman Islands,Techie
U_3596,28,M,Iraq,Techie
U_3597,52,M,Poland,General
U_3598,58,M,Macao,Budget
U_3599,31,M,Uzbekistan,Techie
U_3600,47,F,Ukraine,General
U_3601,58,M,Tuvalu,General
U_3602,21,M,Romania,General
U_3603,21,F,Sierra Leone,General
U_3604,45,M,Georgia,General
U_3605,25,Non-Binary,Portugal,Premium
U_3606,19,Non-Binary,British Indian Ocean Territory (Chagos Archipelago),Techie
U_3607,58,M,Northern Mariana Islands,Budget
U_3608,63,F,United States Virgin Islands,Budget
U_3609,39,Non-Binary,Wallis and Futuna,Budget
U_3610,58,F,French Polynesia,Budget
U_3611,33,Non-Binary,Heard Island and McDonald Islands,Budget
U_3612,46,M,Nicaragua,Budget
U_3613,66,F,Cyprus,Budget
U_3614,65,F,Cyprus,General
U_3615,47,F,Burkina Faso,Budget
U_3616,29,Non-Binary,Lesotho,General
U_3617,52,Non-Binary,Cape Verde,Budget
U_3618,28,Non-Binary,Korea,General
U_3619,63,M,San Marino,General
U_3620,67,Non-Binary,New Caledonia,General
U_3621,38,M,Holy See (Vatican City State),General
U_3622,38,F,Israel,Budget
U_3623,22,F,Reunion,General
U_3624,65,M,Mexico,General
U_3625,37,Non-Binary,United States Minor Outlying Islands,General
U_3626,54,M,Latvia,General
U_3627,20,F,Saudi Arabia,Premium
U_3628,61,F,Mauritania,General
U_3629,50,M,Spain,Budget
U_3630,26,Non-Binary,Papua New Guinea,Techie
U_3631,26,Non-Binary,Sweden,Budget
U_3632,21,M,Cuba,General
U_3633,52,M,Serbia,Budget
U_3634,34,Non-Binary,Egypt,Budget
U_3635,51,F,Pitcairn Islands,Techie
U_3636,41,M,Saudi Arabia,General
U_3637,49,Non-Binary,Nepal,Techie
U_3638,18,Non-Binary,Tunisia,Budget
U_3639,25,F,Solomon Islands,Budget
U_3640,62,F,Belgium,General
U_3641,40,F,Malta,General
U_3642,64,F,Kiribati,General
U_3643,57,F,Marshall Islands,Techie
U_3644,29,M,Romania,General
U_3645,29,Non-Binary,Guyana,Premium
U_3646,63,M,Belarus,Techie
U_3647,64,M,United States Virgin Islands,Techie
U_3648,32,M,Mongolia,Premium
U_3649,58,M,Bouvet Island (Bouvetoya),General
U_3650,36,M,Bahamas,Techie
U_3651,43,F,Switzerland,Premium
U_3652,69,F,Mexico,Budget
U_3653,46,Non-Binary,United Kingdom,Budget
U_3654,39,M,Madagascar,Techie
U_3655,57,Non-Binary,Cook Islands,Budget
U_3656,38,F,Montserrat,Budget
U_3657,68,F,Mauritania,General
U_3658,55,F,Canada,General
U_3659,37,M,Chad,General
U_3660,46,M,Greece,Techie
U_3661,68,F,Timor-Leste,General
U_3662,21,Non-Binary,Mali,General
U_3663,24,Non-Binary,Kenya,General
U_3664,45,F,Brazil,Techie
U_3665,45,Non-Binary,Pitcairn Islands,Premium
U_3666,21,F,Costa Rica,General
U_3667,39,Non-Binary,Saint Barthelemy,Budget
U_3668,29,F,Myanmar,Budget
U_3669,62,Non-Binary,Liechtenstein,Premium
U_3670,20,M,Bermuda,Budget
U_3671,39,F,United Arab Emirates,General
U_3672,61,F,Malawi,Techie
U_3673,19,Non-Binary,Kiribati,Techie
U_3674,41,F,Sudan,General
U_3675,51,F,Azerbaijan,Techie
U_3676,44,F,Korea,Budget
U_3677,58,M,Bulgaria,Techie
U_3678,18,M,Malaysia,General
U_3679,25,Non-Binary,Israel,Premium
U_3680,40,M,Korea,General
U_3681,55,Non-Binary,Mongolia,Budget
U_3682,23,M,Azerbaijan,Budget
U_3683,39,Non-Binary,Monaco,Budget
U_3684,42,M,Kyrgyz Republic,Premium
U_3685,35,M,Peru,General
U_3686,34,Non-Binary,Sri Lanka,General
U_3687,29,F,Gambia,Premium
U_3688,23,F,Saint Kitts and Nevis,Techie
U_3689,43,M,Angola,General
U_3690,44,Non-Binary,Indonesia,Budget
U_3691,25,F,Equatorial Guinea,Budget
U_3692,36,Non-Binary,Svalbard & Jan Mayen Islands,General
U_3693,59,F,Afghanistan,Techie
U_3694,18,Non-Binary,Samoa,General
U_3695,46,M,Cuba,Premium
U_3696,62,Non-Binary,Mozambique,General
U_3697,66,F,Barbados,Budget
U_3698,52,M,Aruba,Budget
U_3699,57,Non-Binary,Jamaica,Techie
U_3700,31,F,Guatemala,Premium
U_3701,52,M,Reunion,Budget
U_3702,65,Non-Binary,Bahrain,Budget
U_3703,62,F,Mauritius,Budget
U_3704,37,Non-Binary,Bahamas,General
U_3705,66,Non-Binary,Vietnam,Techie
U_3706,30,M,Uganda,Budget
U_3707,55,M,Bangladesh,Budget
U_3708,66,F,Vietnam,Budget
U_3709,63,M,Latvia,Techie
U_3710,66,F,Antigua and Barbuda,Budget
U_3711,25,Non-Binary,France,General
U_3712,60,Non-Binary,Ireland,Budget
U_3713,37,F,Cocos (Keeling) Islands,Budget
U_3714,50,Non-Binary,Seychelles,General
U_3715,43,M,Burkina Faso,General
U_3716,56,Non-Binary,Seychelles,Budget
U_3717,38,M,Norway,General
U_3718,66,F,Saint Lucia,Techie
U_3719,59,F,Oman,General
U_3720,60,Non-Binary,Italy,Techie
U_3721,58,Non-Binary,Holy See (Vatican City State),General
U_3722,26,M,Uganda,General
U_3723,41,M,Hong Kong,Budget
U_3724,54,Non-Binary,Kiribati,Techie
U_3725,66,Non-Binary,Trinidad and Tobago,Techie
U_3726,58,F,United States Virgin Islands,Budget
U_3727,34,F,United States of America,Budget
U_3728,41,F,Honduras,Budget
U_3729,38,Non-Binary,Honduras,Techie
U_3730,68,Non-Binary,Belgium,Techie
U_3731,56,Non-Binary,Pitcairn Islands,Techie
U_3732,58,F,Panama,Budget
U_3733,56,Non-Binary,Tunisia,Techie
U_3734,30,M,Mauritius,General
U_3735,28,Non-Binary,Burkina Faso,Premium
U_3736,63,Non-Binary,Palau,Techie
U_3737,36,Non-Binary,Tokelau,General
U_3738,28,Non-Binary,Guernsey,General
U_3739,30,Non-Binary,British Indian Ocean Territory (Chagos Archipelago),Techie
U_3740,63,M,Christmas Island,General
U_3741,62,M,Mauritania,Premium
U_3742,18,Non-Binary,India,General
U_3743,57,F,Marshall Islands,Budget
U_3744,61,Non-Binary,Brunei Darussalam,Budget
U_3745,36,Non-Binary,Saint Lucia,Budget
U_3746,29,Non-Binary,Czech Republic,General
U_3747,25,F,Syrian Arab Republic,Premium
U_3748,25,F,Afghanistan,Budget
U_3749,62,F,Saudi Arabia,Budget
U_3750,29,M,Angola,General
U_3751,65,F,French Southern Territories,General
U_3752,50,M,Kyrgyz Republic,Techie
U_3753,62,M,Peru,Techie
U_3754,43,F,Saint Helena,Techie
U_3755,56,F,Mayotte,Premium
U_3756,45,F,Jamaica,General
U_3757,22,M,Martinique,Budget
U_3758,25,Non-Binary,Hong Kong,Premium
U_3759,42,F,Swaziland,Premium
U_3760,44,F,Denmark,Techie
U_3761,63,F,Egypt,Techie
U_3762,40,M,Kuwait,Techie
U_3763,47,M,Guatemala,Budget
U_3764,62,Non-Binary,Cape Verde,Techie
U_3765,64,F,Falkland Islands (Malvinas),Budget
U_3766,40,M,Comoros,Budget
U_3767,66,Non-Binary,Vietnam,Budget
U_3768,64,F,Turkey,General
U_3769,37,M,Saint Kitts and Nevis,Premium
U_3770,35,F,Serbia,Techie
U_3771,35,F,Bouvet Island (Bouvetoya),General
U_3772,19,M,Antigua and Barbuda,General
U_3773,21,M,Sudan,Techie
U_3774,47,M,Panama,Premium
U_3775,50,F,Italy,Premium
U_3776,53,F,Nicaragua,Techie
U_3777,35,Non-Binary,Seychelles,Techie
U_3778,54,F,Vietnam,General
U_3779,36,M,Turks and Caicos Islands,General
U_3780,64,F,Tuvalu,Budget
U_3781,45,Non-Binary,Andorra,Budget
U_3782,57,Non-Binary,Dominican Republic,Techie
U_3783,37,M,Costa Rica,Premium
U_3784,66,M,Bangladesh,Budget
U_3785,50,Non-Binary,Bolivia,General
U_3786,29,Non-Binary,Nepal,Budget
U_3787,68,Non-Binary,Antigua and Barbuda,General
U_3788,32,M,Kiribati,General
U_3789,58,Non-Binary,Netherlands Antilles,General
U_3790,56,Non-Binary,Peru,Budget
U_3791,19,M,Romania,Budget
U_3792,46,F,Tunisia,Techie
U_3793,58,F,Australia,Budget
U_3794,27,Non-Binary,Ecuador,Premium
U_3795,19,F,Saint Vincent and the Grenadines,Premium
U_3796,68,F,Aruba,Budget
U_3797,28,F,Iran,Budget
U_3798,30,F,Kazakhstan,General
U_3799,27,Non-Binary,Djibouti,Budget
U_3800,31,F,Mauritius,Budget
U_3801,35,F,Cuba,Techie
U_3802,68,M,Saudi Arabia,General
U_3803,26,Non-Binary,Tonga,Premium
U_3804,56,M,Singapore,Budget
U_3805,45,M,Azerbaijan,Techie
U_3806,20,Non-Binary,Burundi,General
U_3807,37,F,Macao,General
U_3808,23,M,French Guiana,Techie
U_3809,44,Non-Binary,Djibouti,Premium
U_3810,19,F,Suriname,Techie
U_3811,46,Non-Binary,United States Virgin Islands,Budget
U_3812,55,M,Saint Martin,General
U_3813,20,F,Morocco,General
U_3814,33,F,Ghana,General
U_3815,47,Non-Binary,Morocco,Budget
U_3816,57,F,Netherlands Antilles,Budget
U_3817,19,M,Sierra Leone,Techie
U_3818,34,M,Peru,General
U_3819,58,M,Svalbard & Jan Mayen Islands,General
U_3820,29,Non-Binary,Gibraltar,Budget
U_3821,52,F,Dominica,Budget
U_3822,60,F,Gabon,Techie
U_3823,18,F,Turkey,Premium
U_3824,62,M,Cambodia,General
U_3825,32,F,Panama,Techie
U_3826,43,M,Mali,General
U_3827,54,F,Cyprus,Techie
U_3828,38,M,Isle of Man,General
U_3829,66,F,French Southern Territories,Premium
U_3830,48,Non-Binary,Falkland Islands (Malvinas),General
U_3831,42,Non-Binary,Bahamas,Budget
U_3832,40,M,Moldova,Techie
U_3833,41,M,Yemen,Budget
U_3834,55,F,Nauru,Techie
U_3835,45,F,Turkmenistan,Premium
U_3836,38,Non-Binary,Saint Pierre and Miquelon,Budget
U_3837,60,F,United States Minor Outlying Islands,General
U_3838,35,M,China,Budget
U_3839,53,M,Niue,General
U_3840,52,M,Philippines,General
U_3841,62,M,Japan,Budget
U_3842,26,M,Moldova,General
U_3843,55,Non-Binary,Lithuania,Budget
U_3844,47,Non-Binary,Australia,Budget
U_3845,61,M,Guatemala,Premium
U_3846,51,F,Western Sahara,General
U_3847,49,M,Norway,Budget
U_3848,20,Non-Binary,Paraguay,Techie
U_3849,20,M,Hong Kong,Techie
U_3850,45,Non-Binary,Solomon Islands,General
U_3851,61,Non-Binary,Malta,Budget
U_3852,32,M,Ghana,General
U_3853,58,M,Qatar,General
U_3854,40,F,Israel,General
U_3855,57,Non-Binary,Ireland,General
U_3856,28,F,Canada,General
U_3857,65,M,French Southern Territories,Budget
U_3858,49,Non-Binary,Honduras,Techie
U_3859,53,F,Colombia,Premium
U_3860,50,F,Saudi Arabia,Premium
U_3861,41,F,Mauritania,Techie
U_3862,56,M,Lebanon,Premium
U_3863,51,M,Dominican Republic,Premium
U_3864,45,M,Thailand,General
U_3865,54,Non-Binary,Czech Republic,Budget
U_3866,24,M,French Southern Territories,General
U_3867,21,Non-Binary,Togo,Techie
U_3868,54,F,Russian Federation,Techie
U_3869,18,F,Cambodia,General
U_3870,18,M,Sri Lanka,Premium
U_3871,64,F,Kyrgyz Republic,Premium
U_3872,37,M,United States Virgin Islands,Premium
U_3873,36,Non-Binary,Azerbaijan,Premium
U_3874,46,F,Monaco,General
U_3875,27,M,Isle of Man,General
U_3876,35,F,Israel,Budget
U_3877,45,F,Moldova,Budget
U_3878,52,M,Marshall Islands,Premium
U_3879,60,F,Burkina Faso,Budget
U_3880,64,F,Iceland,Techie
U_3881,48,F,Ecuador,Budget
U_3882,44,F,Equatorial Guinea,Techie
U_3883,28,Non-Binary,Costa Rica,Budget
U_3884,66,F,Greenland,Premium
U_3885,66,F,Oman,General
U_3886,55,M,Belgium,Techie
U_3887,22,Non-Binary,Uzbekistan,General
U_3888,25,M,Korea,General
U_3889,51,M,Tanzania,Premium
U_3890,65,M,Heard Island and McDonald Islands,Budget
U_3891,69,Non-Binary,Bermuda,General
U_3892,29,M,Mauritania,General
U_3893,55,M,Saint Kitts and Nevis,General
U_3894,18,M,Switzerland,Budget
U_3895,48,F,Comoros,General
U_3896,21,M,Austria,Budget
U_3897,66,Non-Binary,Ethiopia,General
U_3898,62,Non-Binary,Honduras,General
U_3899,67,F,Peru,Budget
U_3900,22,Non-Binary,Netherlands,General
U_3901,47,Non-Binary,Netherlands,Premium
U_3902,41,F,Armenia,General
U_3903,20,M,Tunisia,Budget
U_3904,28,F,Barbados,General
U_3905,62,M,Comoros,Budget
U_3906,21,M,Spain,General
U_3907,43,Non-Binary,Senegal,Techie
U_3908,44,F,Namibia,Techie
U_3909,63,Non-Binary,Saint Kitts and Nevis,Budget
U_3910,60,Non-Binary,Paraguay,General
U_3911,44,M,Monaco,Budget
U_3912,59,Non-Binary,Cuba,Techie
U_3913,68,F,Lesotho,Budget
U_3914,67,Non-Binary,Cote d'Ivoire,General
U_3915,23,Non-Binary,Trinidad and Tobago,Budget
U_3916,32,M,United States of America,Budget
U_3917,47,F,Grenada,Budget
U_3918,59,Non-Binary,Gabon,Premium
U_3919,54,M,Zimbabwe,Budget
U_3920,54,Non-Binary,United States of America,Techie
U_3921,59,F,American Samoa,General
U_3922,54,Non-Binary,Croatia,General
U_3923,52,Non-Binary,Vietnam,Techie
U_3924,40,M,Comoros,Budget
U_3925,23,Non-Binary,Saint Vincent and the Grenadines,General
U_3926,21,M,British Indian Ocean Territory (Chagos Archipelago),Budget
U_3927,35,F,San Marino,General
U_3928,26,Non-Binary,Saudi Arabia,Budget
U_3929,66,F,Lesotho,Premium
U_3930,46,F,United States Virgin Islands,Premium
U_3931,30,Non-Binary,Ecuador,General
U_3932,64,M,Qatar,Budget
U_3933,69,F,Netherlands,Techie
U_3934,34,F,Romania,Budget
U_3935,62,Non-Binary,Costa Rica,General
U_3936,49,Non-Binary,Indonesia,General
U_3937,65,Non-Binary,United States Virgin Islands,Premium
U_3938,39,Non-Binary,Dominican Republic,Techie
U_3939,21,Non-Binary,Micronesia,General
U_3940,22,Non-Binary,Gibraltar,Techie
U_3941,54,M,Singapore,Techie
U_3942,58,F,Finland,Techie
U_3943,66,M,Hong Kong,General
U_3944,30,M,Lao People's Democratic Republic,Budget
U_3945,51,Non-Binary,Martinique,General
U_3946,62,F,Pakistan,Premium
U_3947,39,M,Guinea-Bissau,Budget
U_3948,40,Non-Binary,Gambia,General
U_3949,68,Non-Binary,Eritrea,Premium
U_3950,20,F,Guyana,Budget
U_3951,59,M,Malaysia,Techie
U_3952,51,M,Turkmenistan,General
U_3953,49,M,Luxembourg,General
U_3954,62,Non-Binary,Lao People's Democratic Republic,General
U_3955,68,F,Bolivia,General
U_3956,66,F,Spain,Budget
U_3957,38,M,Saint Helena,Premium
U_3958,63,Non-Binary,Latvia,General
U_3959,61,M,Senegal,Premium
U_3960,38,F,Taiwan,Techie
U_3961,61,Non-Binary,Ghana,Techie
U_3962,28,M,United States Virgin Islands,Premium
U_3963,56,M,Costa Rica,General
U_3964,21,Non-Binary,Heard Island and McDonald Islands,Techie
U_3965,68,F,Germany,Techie
U_3966,18,Non-Binary,Isle of Man,General
U_3967,45,M,Aruba,Techie
U_3968,41,M,Mongolia,Budget
U_3969,52,M,Tonga,Techie
U_3970,30,M,Cyprus,General
U_3971,64,F,Saint Vincent and the Grenadines,General
U_3972,51,F,Cameroon,General
U_3973,28,M,Andorra,General
U_3974,53,F,Eritrea,Budget
U_3975,68,F,Micronesia,General
U_3976,34,F,Vietnam,General
U_3977,52,M,Myanmar,Budget
U_3978,35,Non-Binary,Mozambique,Budget
U_3979,57,Non-Binary,Saint Helena,General
U_3980,39,Non-Binary,Israel,General
U_3981,41,M,French Polynesia,General
U_3982,36,F,Cape Verde,General
U_3983,54,F,Congo,Techie
U_3984,56,M,Greenland,Techie
U_3985,38,M,Denmark,Techie
U_3986,25,Non-Binary,Hong Kong,Budget
U_3987,45,Non-Binary,Montenegro,General
U_3988,22,M,Syrian Arab Republic,Techie
U_3989,34,Non-Binary,Ecuador,Techie
U_3990,54,F,Luxembourg,Techie
U_3991,53,M,Mexico,Techie
U_3992,36,M,Palau,Budget
U_3993,44,F,Western Sahara,Budget
U_3994,51,F,Poland,Budget
U_3995,28,F,Guadeloupe,Budget
U_3996,62,Non-Binary,Equatorial Guinea,General
U_3997,64,M,Serbia,Budget
U_3998,29,Non-Binary,Swaziland,Budget
U_3999,38,F,Liechtenstein,Techie
U_4000,28,Non-Binary,Saint Kitts and Nevis,Techie
U_4001,56,F,Norway,Budget
U_4002,45,Non-Binary,Saint Vincent and the Grenadines,General
U_4003,22,Non-Binary,Liechtenstein,General
U_4004,34,F,Kuwait,Budget
U_4005,37,Non-Binary,Chile,Budget
U_4006,58,M,Saint Martin,General
U_4007,63,Non-Binary,South Africa,General
U_4008,29,Non-Binary,Guinea,General
U_4009,23,M,Chile,Budget
U_4010,34,F,Burundi,Premium
U_4011,68,M,Saint Helena,Techie
U_4012,36,Non-Binary,Mayotte,Budget
U_4013,43,F,Liechtenstein,Premium
U_4014,65,Non-Binary,Colombia,Techie
U_4015,61,Non-Binary,United States Virgin Islands,Premium
U_4016,61,M,Tuvalu,General
U_4017,69,M,Mauritius,General
U_4018,49,F,Norway,Premium
U_4019,23,F,Bahamas,General
U_4020,53,F,Malta,Budget
U_4021,55,Non-Binary,Antigua and Barbuda,General
U_4022,28,M,Taiwan,Budget
U_4023,50,M,Tanzania,Budget
U_4024,41,M,Belarus,Techie
U_4025,40,F,Western Sahara,Techie
U_4026,32,M,Svalbard & Jan Mayen Islands,General
U_4027,44,M,Paraguay,Premium
U_4028,28,M,Australia,Budget
U_4029,68,F,Serbia,Techie
U_4030,67,M,Albania,Techie
U_4031,34,F,Isle of Man,Premium
U_4032,68,M,Burundi,General
U_4033,31,M,Tajikistan,General
U_4034,44,M,Norfolk Island,General
U_4035,35,F,Djibouti,General
U_4036,45,F,Bangladesh,Budget
U_4037,68,M,Russian Federation,General
U_4038,64,Non-Binary,Canada,Premium
U_4039,64,F,Algeria,General
U_4040,21,F,Cuba,Techie
U_4041,24,M,Madagascar,General
U_4042,62,Non-Binary,Korea,General
U_4043,52,M,Holy See (Vatican City State),General
U_4044,65,F,Bahamas,General
U_4045,26,F,Niger,General
U_4046,25,M,Northern Mariana Islands,General
U_4047,69,M,Papua New Guinea,Techie
U_4048,62,Non-Binary,Vietnam,Budget
U_4049,34,Non-Binary,Nicaragua,Premium
U_4050,34,F,United States Minor Outlying Islands,Budget
U_4051,66,Non-Binary,Liberia,Techie
U_4052,50,Non-Binary,Palestinian Territory,Techie
U_4053,49,F,Libyan Arab Jamahiriya,Techie
U_4054,25,F,Andorra,General
U_4055,36,F,Albania,General
U_4056,55,F,Martinique,Budget
U_4057,20,M,Micronesia,Premium
U_4058,22,F,Isle of Man,Premium
U_4059,30,F,American Samoa,Premium
U_4060,64,F,Andorra,General
U_4061,63,Non-Binary,Marshall Islands,Techie
U_4062,48,F,Saint Helena,Techie
U_4063,33,M,Falkland Islands (Malvinas),General
U_4064,67,M,Mauritania,General
U_4065,49,F,France,Budget
U_4066,39,M,Andorra,General
U_4067,46,Non-Binary,Macao,Premium
U_4068,39,F,Suriname,Budget
U_4069,60,M,Qatar,Budget
U_4070,20,M,Peru,Techie
U_4071,27,F,Jersey,Premium
U_4072,59,M,Sri Lanka,Budget
U_4073,38,F,Wallis and Futuna,General
U_4074,33,M,United States of America,General
U_4075,29,Non-Binary,Christmas Island,Budget
U_4076,19,M,Botswana,Budget
U_4077,58,M,Uruguay,General
U_4078,41,F,Bhutan,Budget
U_4079,52,M,Malta,General
U_4080,47,F,Canada,Techie
U_4081,47,Non-Binary,Dominican Republic,Premium
U_4082,64,F,Congo,Budget
U_4083,52,F,Niger,Budget
U_4084,36,M,Malta,Budget
U_4085,67,Non-Binary,El Salvador,Budget
U_4086,25,F,Suriname,Techie
U_4087,43,M,Guinea,Budget
U_4088,66,M,Ethiopia,Techie
U_4089,57,F,South Africa,Techie
U_4090,24,M,Indonesia,Budget
U_4091,47,F,Belgium,Budget
U_4092,24,F,Holy See (Vatican City State),Budget
U_4093,20,F,Iraq,Budget
U_4094,18,Non-Binary,Kuwait,General
U_4095,53,F,Mongolia,Premium
U_4096,42,M,Ecuador,General
U_4097,54,Non-Binary,Qatar,Premium
U_4098,18,M,Czech Republic,Techie
U_4099,32,Non-Binary,French Southern Territories,Techie
U_4100,54,Non-Binary,Poland,General
U_4101,30,Non-Binary,Sweden,Budget
U_4102,57,Non-Binary,Thailand,Budget
U_4103,25,M,Belgium,Techie
U_4104,22,F,Palau,Premium
U_4105,26,M,Togo,Premium
U_4106,18,F,Pakistan,Techie
U_4107,53,M,Senegal,Techie
U_4108,52,Non-Binary,Antigua and Barbuda,Techie
U_4109,19,Non-Binary,Bermuda,Techie
U_4110,57,F,Iraq,General
U_4111,40,F,Hong Kong,General
U_4112,26,M,Honduras,Techie
U_4113,51,F,Micronesia,General
U_4114,63,M,Lebanon,General
U_4115,31,F,Azerbaijan,Premium
U_4116,21,F,Northern Mariana Islands,Premium
U_4117,47,F,Algeria,General
U_4118,48,Non-Binary,Reunion,Techie
U_4119,55,Non-Binary,Chile,Budget
U_4120,28,M,Belize,General
U_4121,52,F,Luxembourg,Budget
U_4122,25,M,Tanzania,General
U_4123,20,F,Jordan,General
U_4124,31,Non-Binary,Oman,General
U_4125,30,Non-Binary,Slovenia,Budget
U_4126,62,F,Greenland,Techie
U_4127,49,F,Mongolia,Premium
U_4128,51,Non-Binary,Togo,Premium
U_4129,62,Non-Binary,Bhutan,Budget
U_4130,36,M,Ukraine,Techie
U_4131,55,Non-Binary,Marshall Islands,Techie
U_4132,33,F,Uruguay,Budget
U_4133,19,M,Armenia,Techie
U_4134,57,F,Denmark,General
U_4135,34,M,Croatia,General
U_4136,51,F,United Arab Emirates,General
U_4137,59,Non-Binary,Trinidad and Tobago,Premium
U_4138,33,F,Puerto Rico,General
U_4139,55,M,Tuvalu,General
U_4140,19,F,Montenegro,Budget
U_4141,19,M,Lebanon,Budget
U_4142,43,F,Faroe Islands,Premium
U_4143,30,Non-Binary,Aruba,Premium
U_4144,64,Non-Binary,Uzbekistan,Techie
U_4145,48,F,Belarus,Techie
U_4146,51,F,Poland,General
U_4147,56,F,Uzbekistan,Techie
U_4148,20,M,Fiji,Budget
U_4149,25,F,United Arab Emirates,General
U_4150,40,F,Mayotte,Premium
U_4151,31,M,Mongolia,General
U_4152,44,Non-Binary,Palestinian Territory,Budget
U_4153,46,F,Antigua and Barbuda,General
U_4154,56,F,Christmas Island,Budget
U_4155,56,Non-Binary,Vanuatu,Budget
U_4156,18,Non-Binary,Thailand,Budget
U_4157,34,M,Germany,General
U_4158,58,F,Andorra,General
U_4159,47,F,Cote d'Ivoire,Premium
U_4160,30,M,Namibia,General
U_4161,38,Non-Binary,Cambodia,Techie
U_4162,36,M,Sao Tome and Principe,Techie
U_4163,36,Non-Binary,Swaziland,General
U_4164,42,M,Rwanda,Budget
U_4165,39,Non-Binary,Swaziland,Premium
U_4166,48,M,Indonesia,General
U_4167,34,Non-Binary,Vanuatu,General
U_4168,40,Non-Binary,Belarus,General
U_4169,49,Non-Binary,French Southern Territories,General
U_4170,27,Non-Binary,Central African Republic,Budget
U_4171,27,Non-Binary,Mongolia,General
U_4172,53,F,Dominican Republic,Premium
U_4173,25,Non-Binary,Montenegro,General
U_4174,69,F,Syrian Arab Republic,Techie
U_4175,37,Non-Binary,Thailand,Techie
U_4176,49,F,Iceland,Techie
U_4177,67,F,Philippines,Premium
U_4178,31,M,Ukraine,Budget
U_4179,67,Non-Binary,Mauritius,General
U_4180,45,M,Greenland,General
U_4181,63,M,Hungary,Budget
U_4182,69,Non-Binary,Saudi Arabia,General
U_4183,41,M,Saint Vincent and the Grenadines,Techie
U_4184,32,Non-Binary,Burundi,Premium
U_4185,39,M,Somalia,Budget
U_4186,47,Non-Binary,Portugal,General
U_4187,21,Non-Binary,Saint Kitts and Nevis,General
U_4188,30,Non-Binary,Belgium,Techie
U_4189,40,F,Macao,Techie
U_4190,25,M,Samoa,Budget
U_4191,35,F,Guatemala,Techie
U_4192,29,M,Austria,Budget
U_4193,48,M,Bolivia,Budget
U_4194,31,M,Jordan,General
U_4195,51,F,Djibouti,General
U_4196,35,M,Taiwan,Premium
U_4197,51,F,Belarus,Budget
U_4198,28,Non-Binary,Guam,Techie
U_4199,58,M,Netherlands,General
U_4200,29,M,Seychelles,General
U_4201,66,Non-Binary,Nicaragua,General
U_4202,32,Non-Binary,Zimbabwe,Techie
U_4203,48,M,Nepal,General
U_4204,66,Non-Binary,Indonesia,Budget
U_4205,46,F,Singapore,Premium
U_4206,43,F,Greece,Premium
U_4207,35,M,Antarctica (the territory South of 60 deg S),Techie
U_4208,49,F,North Macedonia,General
U_4209,39,F,Faroe Islands,General
U_4210,55,M,Slovenia,Budget
U_4211,34,Non-Binary,Korea,Budget
U_4212,40,M,Liechtenstein,Premium
U_4213,41,F,Denmark,Budget
U_4214,67,M,Guinea-Bissau,Techie
U_4215,25,M,Micronesia,General
U_4216,58,F,Wallis and Futuna,General
U_4217,23,F,Honduras,General
U_4218,22,M,Jersey,General
U_4219,61,F,Colombia,Techie
U_4220,46,F,Pitcairn Islands,Budget
U_4221,45,F,Myanmar,Techie
U_4222,28,F,Panama,Techie
U_4223,18,F,Hong Kong,General
U_4224,60,F,Belize,Budget
U_4225,36,Non-Binary,Sierra Leone,Premium
U_4226,26,M,Niger,Premium
U_4227,44,F,French Polynesia,General
U_4228,51,M,South Georgia and the South Sandwich Islands,Premium
U_4229,61,Non-Binary,Egypt,General
U_4230,21,F,Rwanda,General
U_4231,53,M,Barbados,Budget
U_4232,35,F,Belize,Techie
U_4233,32,F,Ethiopia,General
U_4234,68,F,Cape Verde,Techie
U_4235,30,F,Hong Kong,General
U_4236,36,F,Rwanda,Budget
U_4237,66,F,Slovenia,Budget
U_4238,23,F,North Macedonia,General
U_4239,65,Non-Binary,Cape Verde,General
U_4240,29,Non-Binary,Saint Vincent and the Grenadines,General
U_4241,68,F,Iceland,General
U_4242,54,F,Ghana,General
U_4243,34,Non-Binary,Guyana,General
U_4244,40,Non-Binary,Botswana,General
U_4245,43,Non-Binary,Bermuda,Techie
U_4246,46,F,Albania,Premium
U_4247,50,M,Western Sahara,General
U_4248,44,M,Gambia,Premium
U_4249,42,M,Kenya,Techie
U_4250,27,M,Guyana,Premium
U_4251,64,F,Senegal,Techie
U_4252,40,M,Faroe Islands,Techie
U_4253,38,Non-Binary,Bosnia and Herzegovina,Budget
U_4254,38,Non-Binary,Bulgaria,General
U_4255,60,M,Benin,Premium
U_4256,30,Non-Binary,Colombia,Techie
U_4257,54,F,Jersey,Budget
U_4258,50,M,Kiribati,Budget
U_4259,41,M,Moldova,Budget
U_4260,61,F,Moldova,General
U_4261,28,Non-Binary,Malaysia,Budget
U_4262,34,F,Ireland,General
U_4263,21,F,Bosnia and Herzegovina,Budget
U_4264,64,Non-Binary,Anguilla,Budget
U_4265,42,F,Benin,Budget
U_4266,47,Non-Binary,Guinea,Budget
U_4267,26,Non-Binary,Micronesia,General
U_4268,38,F,Bermuda,General
U_4269,37,Non-Binary,Nepal,Techie
U_4270,36,F,Netherlands Antilles,Budget
U_4271,36,Non-Binary,Slovenia,Budget
U_4272,29,M,Greece,Techie
U_4273,54,Non-Binary,Tonga,General
U_4274,59,Non-Binary,Hungary,Budget
U_4275,34,F,American Samoa,General
U_4276,54,Non-Binary,French Guiana,Premium
U_4277,65,M,Isle of Man,Budget
U_4278,56,M,Iceland,Techie
U_4279,45,Non-Binary,Slovakia (Slovak Republic),Budget
U_4280,58,Non-Binary,Belize,General
U_4281,52,M,Saint Kitts and Nevis,Budget
U_4282,64,F,United Arab Emirates,General
U_4283,65,M,Monaco,Budget
U_4284,35,M,United Kingdom,General
U_4285,31,Non-Binary,Ecuador,Budget
U_4286,52,Non-Binary,Montserrat,General
U_4287,61,M,Mali,General
U_4288,58,F,Chile,General
U_4289,24,M,Poland,Techie
U_4290,58,M,Hong Kong,General
U_4291,30,F,Chile,Premium
U_4292,35,M,Burundi,Budget
U_4293,54,M,Ethiopia,Premium
U_4294,30,Non-Binary,Gabon,Budget
U_4295,53,F,Ethiopia,General
U_4296,48,Non-Binary,Lithuania,Budget
U_4297,19,Non-Binary,Cameroon,Techie
U_4298,33,F,Bahrain,Techie
U_4299,26,F,Chad,Techie
U_4300,26,M,Jordan,General
U_4301,55,Non-Binary,Falkland Islands (Malvinas),Budget
U_4302,28,F,Italy,Techie
U_4303,39,Non-Binary,French Southern Territories,Budget
U_4304,50,Non-Binary,Liberia,General
U_4305,53,F,Slovenia,General
U_4306,62,M,Belarus,General
U_4307,40,Non-Binary,Guyana,Budget
U_4308,62,F,El Salvador,Budget
U_4309,62,M,Western Sahara,Budget
U_4310,51,Non-Binary,Egypt,Budget
U_4311,26,F,Saint Helena,Budget
U_4312,41,Non-Binary,Niue,General
U_4313,25,F,Lithuania,Budget
U_4314,24,F,Nepal,Techie
U_4315,53,Non-Binary,Nicaragua,General
U_4316,35,Non-Binary,Congo,General
U_4317,20,F,Kuwait,Premium
U_4318,45,M,Botswana,Premium
U_4319,23,Non-Binary,Burkina Faso,Techie
U_4320,61,F,Gabon,Budget
U_4321,61,F,Albania,Techie
U_4322,38,M,Yemen,Premium
U_4323,45,M,Indonesia,General
U_4324,57,M,Grenada,General
U_4325,18,Non-Binary,Tajikistan,Techie
U_4326,53,F,Niger,Premium
U_4327,38,F,Hong Kong,Budget
U_4328,60,F,Spain,General
U_4329,52,M,Tokelau,Techie
U_4330,30,F,Greenland,Budget
U_4331,66,Non-Binary,Kazakhstan,Budget
U_4332,27,M,Grenada,Budget
U_4333,61,M,Jersey,General
U_4334,64,M,Suriname,Budget
U_4335,27,M,Swaziland,Techie
U_4336,63,Non-Binary,Tokelau,Techie
U_4337,30,F,Pakistan,Techie
U_4338,54,Non-Binary,Nepal,General
U_4339,55,F,Burkina Faso,General
U_4340,41,Non-Binary,French Southern Territories,Techie
U_4341,19,M,Gibraltar,Budget
U_4342,39,M,Netherlands,Premium
U_4343,34,Non-Binary,Yemen,Techie
U_4344,53,Non-Binary,Puerto Rico,Techie
U_4345,31,F,Cook Islands,General
U_4346,27,Non-Binary,Lesotho,Budget
U_4347,52,Non-Binary,Germany,Techie
U_4348,42,F,Christmas Island,Budget
U_4349,20,F,Indonesia,General
U_4350,64,F,Ghana,Premium
U_4351,55,Non-Binary,French Guiana,General
U_4352,34,F,Saint Pierre and Miquelon,Budget
U_4353,29,M,Puerto Rico,Premium
U_4354,69,M,North Macedonia,General
U_4355,41,M,Liechtenstein,Budget
U_4356,46,Non-Binary,Morocco,General
U_4357,60,M,Slovenia,Techie
U_4358,42,Non-Binary,Ecuador,Techie
U_4359,53,Non-Binary,Greece,Premium
U_4360,43,M,Honduras,Techie
U_4361,55,F,Fiji,Techie
U_4362,18,Non-Binary,Svalbard & Jan Mayen Islands,Techie
U_4363,37,M,Solomon Islands,General
U_4364,45,Non-Binary,India,Premium
U_4365,33,F,Haiti,Budget
U_4366,64,F,Brazil,Budget
U_4367,34,M,Venezuela,Budget
U_4368,57,Non-Binary,Mongolia,Premium
U_4369,45,Non-Binary,Cook Islands,General
U_4370,29,Non-Binary,Nauru,General
U_4371,44,Non-Binary,Mayotte,Budget
U_4372,59,M,Cocos (Keeling) Islands,General
U_4373,64,F,Pitcairn Islands,Techie
U_4374,47,M,Seychelles,General
U_4375,58,Non-Binary,Mexico,General
U_4376,51,Non-Binary,Anguilla,General
U_4377,54,F,Zambia,Budget
U_4378,23,Non-Binary,Saint Lucia,Budget
U_4379,24,M,Kyrgyz Republic,Budget
U_4380,49,M,Western Sahara,General
U_4381,49,F,Russian Federation,Premium
U_4382,42,M,Cote d'Ivoire,General
U_4383,50,M,Kazakhstan,Premium
U_4384,24,M,South Georgia and the South Sandwich Islands,General
U_4385,69,M,French Guiana,Budget
U_4386,29,Non-Binary,Switzerland,Budget
U_4387,33,M,Puerto Rico,Premium
U_4388,33,F,Bangladesh,Premium
U_4389,60,F,Svalbard & Jan Mayen Islands,Premium
U_4390,53,M,Thailand,General
U_4391,30,F,South Africa,Budget
U_4392,24,M,South Africa,Premium
U_4393,53,F,Ireland,General
U_4394,64,F,Peru,Budget
U_4395,68,M,Luxembourg,General
U_4396,26,M,Burundi,General
U_4397,49,Non-Binary,North Macedonia,Budget
U_4398,28,M,Gabon,Budget
U_4399,25,M,Dominican Republic,Premium
U_4400,50,Non-Binary,El Salvador,General
U_4401,40,M,Palestinian Territory,Techie
U_4402,42,M,Cape Verde,Techie
U_4403,25,Non-Binary,Saint Barthelemy,General
U_4404,62,M,Jamaica,Budget
U_4405,39,M,Somalia,General
U_4406,21,Non-Binary,Honduras,General
U_4407,57,Non-Binary,Barbados,Techie
U_4408,20,F,Kiribati,General
U_4409,46,M,Netherlands Antilles,General
U_4410,58,F,Lesotho,Budget
U_4411,46,F,Myanmar,Premium
U_4412,51,Non-Binary,Iran,Techie
U_4413,51,M,Martinique,Budget
U_4414,45,M,Madagascar,General
U_4415,30,Non-Binary,Uzbekistan,Budget
U_4416,32,F,Uruguay,General
U_4417,40,Non-Binary,Trinidad and Tobago,Techie
U_4418,61,M,Puerto Rico,Budget
U_4419,43,Non-Binary,Italy,General
U_4420,21,M,Mayotte,General
U_4421,43,F,Argentina,Techie
U_4422,57,M,Somalia,Budget
U_4423,26,F,Guyana,Budget
U_4424,22,F,Reunion,Premium
U_4425,49,M,Ukraine,Budget
U_4426,37,M,Sudan,Techie
U_4427,67,F,Mauritania,General
U_4428,28,Non-Binary,Nepal,Techie
U_4429,32,M,Northern Mariana Islands,General
U_4430,49,F,United States Virgin Islands,General
U_4431,45,F,Belize,Techie
U_4432,39,Non-Binary,Botswana,General
U_4433,58,M,Seychelles,Techie
U_4434,34,F,Egypt,General
U_4435,43,Non-Binary,Palestinian Territory,Budget
U_4436,61,F,Papua New Guinea,Budget
U_4437,24,M,Guinea,General
U_4438,59,Non-Binary,Chad,Techie
U_4439,43,F,Oman,General
U_4440,42,Non-Binary,New Zealand,General
U_4441,27,M,Aruba,Budget
U_4442,62,Non-Binary,Mongolia,Techie
U_4443,36,M,Oman,Premium
U_4444,28,F,Philippines,Techie
U_4445,30,M,Oman,General
U_4446,25,F,Iran,Budget
U_4447,57,F,Sao Tome and Principe,Techie
U_4448,21,M,Greenland,General
U_4449,64,F,South Africa,Budget
U_4450,48,Non-Binary,Jersey,General
U_4451,45,F,Botswana,Techie
U_4452,28,M,Algeria,General
U_4453,60,Non-Binary,Bolivia,Premium
U_4454,18,Non-Binary,Eritrea,Budget
U_4455,66,F,Cyprus,Techie
U_4456,64,F,Malawi,Budget
U_4457,69,M,San Marino,General
U_4458,55,Non-Binary,Maldives,Budget
U_4459,41,M,Moldova,General
U_4460,64,F,Mozambique,Techie
U_4461,48,Non-Binary,Portugal,Premium
U_4462,58,M,Morocco,Budget
U_4463,63,M,Cyprus,Techie
U_4464,67,M,Kiribati,Techie
U_4465,43,M,Holy See (Vatican City State),Budget
U_4466,66,M,India,General
U_4467,67,Non-Binary,Kyrgyz Republic,Premium
U_4468,22,M,Sierra Leone,Premium
U_4469,37,Non-Binary,Philippines,Techie
U_4470,69,M,Namibia,Budget
U_4471,58,F,Portugal,General
U_4472,28,F,Macao,Premium
U_4473,50,M,Canada,Budget
U_4474,67,F,Guatemala,Premium
U_4475,55,Non-Binary,Anguilla,Techie
U_4476,44,M,Liberia,Techie
U_4477,51,Non-Binary,Bosnia and Herzegovina,General
U_4478,32,M,French Polynesia,Budget
U_4479,49,F,Israel,Budget
U_4480,38,Non-Binary,Uruguay,General
U_4481,63,F,Belize,Budget
U_4482,22,F,Brazil,General
U_4483,23,M,Switzerland,Budget
U_4484,55,Non-Binary,Wallis and Futuna,General
U_4485,39,F,Saint Lucia,Premium
U_4486,35,M,Cambodia,Techie
U_4487,31,M,Guernsey,Budget
U_4488,27,M,Georgia,Budget
U_4489,63,F,Guam,Budget
U_4490,30,M,Korea,Budget
U_4491,48,Non-Binary,Slovenia,Premium
U_4492,47,Non-Binary,Costa Rica,Techie
U_4493,20,F,Mali,Techie
U_4494,47,Non-Binary,Liberia,General
U_4495,23,M,Guernsey,General
U_4496,46,F,Lebanon,Techie
U_4497,25,M,Bhutan,Premium
U_4498,61,F,Kazakhstan,Techie
U_4499,62,F,Saint Helena,Premium
U_4500,60,M,Qatar,General
U_4501,61,Non-Binary,Korea,Budget
U_4502,50,Non-Binary,Ghana,Budget
U_4503,34,F,Bangladesh,General
U_4504,65,M,French Southern Territories,Budget
U_4505,28,M,Aruba,General
U_4506,30,F,Sudan,General
U_4507,67,Non-Binary,Russian Federation,Budget
U_4508,28,M,Brazil,Budget
U_4509,48,Non-Binary,Angola,Techie
U_4510,45,Non-Binary,Thailand,Techie
U_4511,61,F,Guam,Budget
U_4512,23,F,Oman,General
U_4513,58,Non-Binary,Botswana,Techie
U_4514,33,M,Philippines,Premium
U_4515,21,M,South Georgia and the South Sandwich Islands,Budget
U_4516,52,F,Chad,General
U_4517,65,Non-Binary,Venezuela,Budget
U_4518,43,M,Saint Vincent and the Grenadines,General
U_4519,29,M,Ecuador,Premium
U_4520,28,F,Maldives,Techie
U_4521,54,Non-Binary,China,General
U_4522,42,M,Micronesia,General
U_4523,35,F,Cayman Islands,Premium
U_4524,36,M,Greenland,Budget
U_4525,40,M,Monaco,General
U_4526,55,M,Japan,Premium
U_4527,35,F,Kyrgyz Republic,Budget
U_4528,43,Non-Binary,Djibouti,General
U_4529,23,F,South Georgia and the South Sandwich Islands,Budget
U_4530,21,Non-Binary,Iraq,Budget
U_4531,61,M,Norfolk Island,Budget
U_4532,68,Non-Binary,Colombia,Techie
U_4533,46,M,Colombia,General
U_4534,51,M,Northern Mariana Islands,Premium
U_4535,34,F,Palestinian Territory,Premium
U_4536,60,M,Jersey,Premium
U_4537,60,F,Indonesia,General
U_4538,33,Non-Binary,Antarctica (the territory South of 60 deg S),Budget
U_4539,19,Non-Binary,Saint Pierre and Miquelon,General
U_4540,51,M,Nicaragua,Budget
U_4541,25,F,Turks and Caicos Islands,General
U_4542,30,M,Congo,Budget
U_4543,59,F,Korea,General
U_4544,25,F,Nauru,Budget
U_4545,47,F,Japan,Budget
U_4546,49,Non-Binary,Iceland,General
U_4547,53,F,Albania,General
U_4548,64,Non-Binary,Romania,Premium
U_4549,47,F,Croatia,General
U_4550,18,Non-Binary,Costa Rica,Techie
U_4551,60,Non-Binary,Fiji,General
U_4552,56,Non-Binary,Sao Tome and Principe,Premium
U_4553,34,M,Romania,Techie
U_4554,37,F,Sudan,Techie
U_4555,41,M,South Africa,Premium
U_4556,67,F,Bahrain,General
U_4557,39,F,Morocco,Budget
U_4558,46,M,Bosnia and Herzegovina,Budget
U_4559,39,Non-Binary,South Georgia and the South Sandwich Islands,Techie
U_4560,61,F,Tunisia,General
U_4561,26,Non-Binary,Mauritania,Budget
U_4562,54,M,Colombia,Premium
U_4563,27,Non-Binary,Haiti,General
U_4564,53,F,Greece,Budget
U_4565,54,F,Congo,General
U_4566,45,F,Kuwait,General
U_4567,45,M,Brazil,Premium
U_4568,59,F,Estonia,General
U_4569,60,M,Paraguay,General
U_4570,38,Non-Binary,Tokelau,Techie
U_4571,41,F,Liechtenstein,Techie
U_4572,59,F,Marshall Islands,General
U_4573,57,F,Northern Mariana Islands,Techie
U_4574,19,Non-Binary,Germany,General
U_4575,25,F,Nepal,Premium
U_4576,65,M,Iceland,Budget
U_4577,44,Non-Binary,New Zealand,Budget
U_4578,39,Non-Binary,India,Budget
U_4579,54,Non-Binary,Namibia,Budget
U_4580,44,Non-Binary,Brazil,General
U_4581,46,Non-Binary,Guernsey,General
U_4582,20,M,Guinea,General
U_4583,61,Non-Binary,Tanzania,Techie
U_4584,30,F,Kuwait,General
U_4585,62,Non-Binary,Niger,Techie
U_4586,27,Non-Binary,China,General
U_4587,53,Non-Binary,Suriname,Premium
U_4588,26,Non-Binary,Peru,General
U_4589,44,Non-Binary,Romania,General
U_4590,51,M,South Georgia and the South Sandwich Islands,Budget
U_4591,68,M,French Southern Territories,Techie
U_4592,18,Non-Binary,Uruguay,Techie
U_4593,49,M,Nicaragua,Budget
U_4594,42,F,Nauru,Techie
U_4595,46,Non-Binary,Belize,Premium
U_4596,24,F,Peru,Budget
U_4597,66,F,Burkina Faso,General
U_4598,20,Non-Binary,Germany,Techie
U_4599,37,F,British Indian Ocean Territory (Chagos Archipelago),General
U_4600,37,F,Dominican Republic,General
U_4601,47,F,Gambia,Premium
U_4602,52,Non-Binary,Brazil,Techie
U_4603,52,Non-Binary,Cocos (Keeling) Islands,General
U_4604,66,F,Holy See (Vatican City State),General
U_4605,56,Non-Binary,Puerto Rico,Budget
U_4606,44,Non-Binary,Cambodia,General
U_4607,43,F,Malawi,General
U_4608,31,Non-Binary,Iceland,General
U_4609,34,M,Italy,General
U_4610,35,Non-Binary,Nepal,Premium
U_4611,62,M,Burundi,General
U_4612,69,F,Morocco,General
U_4613,46,Non-Binary,Hungary,Budget
U_4614,37,F,Jamaica,General
U_4615,44,F,Colombia,Techie
U_4616,35,F,Libyan Arab Jamahiriya,Techie
U_4617,21,F,North Macedonia,Techie
U_4618,18,F,Mauritania,Budget
U_4619,67,Non-Binary,Puerto Rico,Techie
U_4620,18,M,Uruguay,General
U_4621,43,Non-Binary,Oman,Budget
U_4622,62,Non-Binary,Venezuela,Budget
U_4623,37,Non-Binary,China,Budget
U_4624,69,Non-Binary,Moldova,Premium
U_4625,40,M,Chad,General
U_4626,27,Non-Binary,Liechtenstein,General
U_4627,28,F,France,General
U_4628,58,Non-Binary,Burundi,Techie
U_4629,58,Non-Binary,Colombia,Budget
U_4630,22,M,Germany,General
U_4631,18,M,Tajikistan,General
U_4632,34,F,Korea,Techie
U_4633,39,Non-Binary,Niger,General
U_4634,51,Non-Binary,Austria,General
U_4635,62,Non-Binary,Tonga,General
U_4636,58,F,Guinea-Bissau,Premium
U_4637,46,M,Zambia,General
U_4638,21,F,Algeria,Budget
U_4639,22,Non-Binary,Libyan Arab Jamahiriya,Premium
U_4640,28,M,Burkina Faso,Premium
U_4641,68,M,Congo,Budget
U_4642,38,F,Suriname,Budget
U_4643,52,M,Hungary,Budget
U_4644,29,M,Monaco,General
U_4645,43,Non-Binary,Madagascar,General
U_4646,68,Non-Binary,Palau,General
U_4647,36,M,Lithuania,Premium
U_4648,62,M,Ireland,Techie
U_4649,24,F,Poland,General
U_4650,64,F,Liechtenstein,Budget
U_4651,24,M,Israel,General
U_4652,43,Non-Binary,Russian Federation,General
U_4653,57,M,Tajikistan,Budget
U_4654,22,M,Kenya,General
U_4655,38,Non-Binary,Liechtenstein,General
U_4656,31,Non-Binary,Chad,Budget
U_4657,21,F,Belize,Budget
U_4658,40,F,Mongolia,Budget
U_4659,59,F,Antarctica (the territory South of 60 deg S),Premium
U_4660,37,F,South Africa,Techie
U_4661,32,Non-Binary,Senegal,Techie
U_4662,67,M,Cyprus,Budget
U_4663,69,F,French Guiana,General
U_4664,62,F,Antigua and Barbuda,Premium
U_4665,46,Non-Binary,Falkland Islands (Malvinas),Budget
U_4666,25,Non-Binary,Czech Republic,Premium
U_4667,58,M,Mauritania,Techie
U_4668,65,M,France,Premium
U_4669,36,Non-Binary,Chile,Budget
U_4670,65,F,Slovakia (Slovak Republic),Budget
U_4671,56,F,Kuwait,General
U_4672,63,F,Mongolia,General
U_4673,45,M,Samoa,Premium
U_4674,63,F,Sierra Leone,Premium
U_4675,44,F,Seychelles,Techie
U_4676,21,Non-Binary,Lithuania,General
U_4677,32,F,Mexico,Premium
U_4678,52,Non-Binary,Malawi,General
U_4679,54,F,Bouvet Island (Bouvetoya),Techie
U_4680,18,M,Montserrat,Techie
U_4681,20,F,Brazil,Techie
U_4682,64,F,Ethiopia,General
U_4683,41,Non-Binary,Singapore,General
U_4684,44,Non-Binary,Mayotte,Budget
U_4685,57,Non-Binary,Swaziland,Premium
U_4686,53,F,Haiti,Techie
U_4687,51,F,Mauritius,Premium
U_4688,46,M,Swaziland,General
U_4689,41,F,Saudi Arabia,General
U_4690,41,M,Armenia,General
U_4691,59,Non-Binary,Senegal,General
U_4692,21,Non-Binary,Saint Helena,Budget
U_4693,20,Non-Binary,Kazakhstan,General
U_4694,51,M,Mayotte,General
U_4695,66,F,Cuba,Premium
U_4696,40,Non-Binary,Jamaica,General
U_4697,69,F,Bosnia and Herzegovina,Budget
U_4698,40,F,Saint Pierre and Miquelon,General
U_4699,62,Non-Binary,Switzerland,Techie
U_4700,22,M,Palau,Budget
U_4701,48,F,Sao Tome and Principe,General
U_4702,58,Non-Binary,Egypt,Techie
U_4703,23,F,French Southern Territories,Budget
U_4704,54,F,Tunisia,Budget
U_4705,27,F,Antigua and Barbuda,Premium
U_4706,57,F,Korea,Techie
U_4707,24,F,Estonia,General
U_4708,56,M,Guernsey,General
U_4709,55,M,Tokelau,Techie
U_4710,38,Non-Binary,Svalbard & Jan Mayen Islands,General
U_4711,37,M,Benin,Premium
U_4712,20,M,Kazakhstan,General
U_4713,68,M,Tonga,Budget
U_4714,39,F,British Indian Ocean Territory (Chagos Archipelago),Premium
U_4715,64,F,Singapore,Techie
U_4716,21,Non-Binary,Sudan,Budget
U_4717,45,Non-Binary,Dominica,General
U_4718,29,Non-Binary,Cote d'Ivoire,General
U_4719,55,F,Sudan,Premium
U_4720,68,M,Saint Pierre and Miquelon,Premium
U_4721,53,M,Namibia,General
U_4722,64,F,Portugal,General
U_4723,58,Non-Binary,Guernsey,Budget
U_4724,22,Non-Binary,Tokelau,Premium
U_4725,30,Non-Binary,Russian Federation,General
U_4726,40,F,New Zealand,Techie
U_4727,67,Non-Binary,Norfolk Island,Budget
U_4728,47,Non-Binary,Japan,Premium
U_4729,54,F,Chad,General
U_4730,42,M,Nicaragua,General
U_4731,65,F,Burundi,General
U_4732,44,F,Slovenia,General
U_4733,68,F,Costa Rica,General
U_4734,31,F,Suriname,Budget
U_4735,65,M,Costa Rica,General
U_4736,64,Non-Binary,Sri Lanka,Budget
U_4737,53,F,Bahamas,General
U_4738,56,M,Montenegro,Techie
U_4739,33,Non-Binary,Guernsey,Premium
U_4740,39,Non-Binary,Martinique,General
U_4741,38,Non-Binary,Fiji,General
U_4742,38,F,Nepal,Budget
U_4743,25,F,Mauritania,Techie
U_4744,66,Non-Binary,Chile,Premium
U_4745,33,Non-Binary,Gibraltar,Premium
U_4746,48,Non-Binary,Romania,General
U_4747,59,Non-Binary,French Guiana,Premium
U_4748,27,Non-Binary,French Guiana,General
U_4749,49,Non-Binary,Montserrat,Budget
U_4750,51,M,Ethiopia,General
U_4751,26,Non-Binary,Zambia,General
U_4752,34,F,Togo,Budget
U_4753,28,F,Malaysia,Premium
U_4754,49,F,United Arab Emirates,General
U_4755,27,Non-Binary,Philippines,General
U_4756,39,F,Suriname,Premium
U_4757,34,M,Bhutan,Techie
U_4758,21,Non-Binary,Burkina Faso,Budget
U_4759,65,F,Sao Tome and Principe,Budget
U_4760,69,M,Solomon Islands,Techie
U_4761,64,M,Isle of Man,Budget
U_4762,42,F,Uruguay,General
U_4763,38,M,Bahamas,General
U_4764,54,F,Falkland Islands (Malvinas),General
U_4765,55,M,Tonga,General
U_4766,66,Non-Binary,Palau,General
U_4767,18,Non-Binary,Brunei Darussalam,Techie
U_4768,42,Non-Binary,Reunion,Techie
U_4769,68,Non-Binary,Tonga,General
U_4770,53,Non-Binary,Bulgaria,Techie
U_4771,34,F,Egypt,Budget
U_4772,58,Non-Binary,Cameroon,General
U_4773,41,Non-Binary,Rwanda,General
U_4774,19,Non-Binary,Gibraltar,General
U_4775,57,Non-Binary,Switzerland,Techie
U_4776,32,M,Egypt,General
U_4777,49,Non-Binary,Senegal,General
U_4778,56,Non-Binary,Tajikistan,Budget
U_4779,23,F,Philippines,General
U_4780,18,M,India,Budget
U_4781,64,F,Liechtenstein,Techie
U_4782,40,Non-Binary,Cambodia,Techie
U_4783,56,F,Morocco,Budget
U_4784,34,F,Norfolk Island,Budget
U_4785,51,Non-Binary,Ethiopia,Techie
U_4786,58,M,Niue,Budget
U_4787,46,M,Israel,Budget
U_4788,26,F,Honduras,General
U_4789,30,Non-Binary,Korea,Premium
U_4790,23,F,Belarus,Techie
U_4791,23,F,North Macedonia,General
U_4792,37,F,South Africa,Budget
U_4793,69,Non-Binary,Turkmenistan,Premium
U_4794,20,Non-Binary,Seychelles,Techie
U_4795,34,M,Bermuda,General
U_4796,66,Non-Binary,Iraq,General
U_4797,29,F,Malaysia,General
U_4798,65,F,San Marino,General
U_4799,64,M,Fiji,Budget
U_4800,62,Non-Binary,Puerto Rico,Budget
U_4801,18,F,Vietnam,Premium
U_4802,34,M,Turkey,Budget
U_4803,20,M,Heard Island and McDonald Islands,General
U_4804,43,F,Korea,General
U_4805,32,F,Zambia,Budget
U_4806,53,Non-Binary,Libyan Arab Jamahiriya,General
U_4807,49,M,Greece,Budget
U_4808,49,F,Mozambique,Premium
U_4809,21,M,Afghanistan,General
U_4810,35,Non-Binary,Trinidad and Tobago,Premium
U_4811,66,F,Singapore,Premium
U_4812,36,Non-Binary,Tanzania,Budget
U_4813,60,M,Saint Martin,Premium
U_4814,69,Non-Binary,Bermuda,General
U_4815,52,Non-Binary,Saint Martin,General
U_4816,57,M,Kuwait,Premium
U_4817,31,Non-Binary,North Macedonia,Premium
U_4818,50,M,Papua New Guinea,General
U_4819,31,F,Qatar,General
U_4820,51,M,Guinea-Bissau,Budget
U_4821,21,M,Thailand,Premium
U_4822,41,F,Bahrain,General
U_4823,46,M,South Africa,Techie
U_4824,36,F,Martinique,Budget
U_4825,23,F,Indonesia,Techie
U_4826,50,M,Cuba,Budget
U_4827,66,Non-Binary,Japan,Techie
U_4828,57,Non-Binary,Sweden,Techie
U_4829,36,F,Croatia,General
U_4830,18,Non-Binary,Lithuania,Techie
U_4831,22,Non-Binary,Ethiopia,Budget
U_4832,44,M,Gibraltar,Budget
U_4833,33,F,Switzerland,General
U_4834,23,F,Finland,Budget
U_4835,57,M,Guadeloupe,Premium
U_4836,30,Non-Binary,Mexico,Budget
U_4837,65,F,Morocco,General
U_4838,52,Non-Binary,Bulgaria,Techie
U_4839,36,F,Mongolia,Premium
U_4840,29,F,Timor-Leste,Premium
U_4841,33,F,Libyan Arab Jamahiriya,General
U_4842,60,F,Solomon Islands,Techie
U_4843,27,Non-Binary,Guam,General
U_4844,42,Non-Binary,Uganda,General
U_4845,37,Non-Binary,Pitcairn Islands,General
U_4846,48,Non-Binary,Serbia,Premium
U_4847,21,M,Australia,General
U_4848,61,F,Aruba,Budget
U_4849,40,F,Bolivia,Premium
U_4850,19,F,Niue,General
U_4851,39,M,Slovenia,Budget
U_4852,68,Non-Binary,Taiwan,Budget
U_4853,54,F,Kuwait,Premium
U_4854,25,Non-Binary,Andorra,Techie
U_4855,24,Non-Binary,British Virgin Islands,Premium
U_4856,31,M,Vanuatu,General
U_4857,20,M,Togo,General
U_4858,67,Non-Binary,Cayman Islands,General
U_4859,33,F,Kazakhstan,Budget
U_4860,36,F,Korea,General
U_4861,68,M,Afghanistan,Budget
U_4862,35,M,Japan,Budget
U_4863,69,M,Cook Islands,Budget
U_4864,33,M,Portugal,Techie
U_4865,25,M,United States of America,Budget
U_4866,50,M,Bulgaria,Budget
U_4867,66,M,Turkmenistan,Premium
U_4868,29,F,Pakistan,Budget
U_4869,28,M,Gabon,Techie
U_4870,22,M,Cayman Islands,General
U_4871,44,F,Tunisia,General
U_4872,29,F,Venezuela,Budget
U_4873,34,Non-Binary,Turkey,Budget
U_4874,23,M,Falkland Islands (Malvinas),General
U_4875,50,M,Bermuda,Budget
U_4876,22,M,Palau,General
U_4877,45,M,Guyana,Budget
U_4878,31,Non-Binary,El Salvador,General
U_4879,22,F,Belize,Premium
U_4880,50,F,Holy See (Vatican City State),Premium
U_4881,67,M,Papua New Guinea,General
U_4882,65,M,United Kingdom,Techie
U_4883,58,M,Pakistan,Premium
U_4884,36,Non-Binary,Chad,Techie
U_4885,39,Non-Binary,Austria,General
U_4886,22,F,Indonesia,Budget
U_4887,19,M,Niue,Budget
U_4888,47,M,Gambia,Techie
U_4889,64,M,Saint Kitts and Nevis,Budget
U_4890,56,M,Reunion,General
U_4891,21,Non-Binary,Saudi Arabia,Budget
U_4892,50,F,Djibouti,Premium
U_4893,30,F,Japan,Budget
U_4894,37,Non-Binary,Palau,Techie
U_4895,24,M,Bermuda,Budget
U_4896,32,F,Romania,Budget
U_4897,40,F,Bhutan,Budget
U_4898,31,Non-Binary,Afghanistan,General
U_4899,40,M,Croatia,Budget
U_4900,36,F,Lesotho,General
U_4901,46,M,Belarus,Budget
U_4902,37,F,Bulgaria,Budget
U_4903,46,Non-Binary,Nauru,Techie
U_4904,41,M,Czech Republic,Techie
U_4905,35,Non-Binary,Maldives,General
U_4906,27,F,Pitcairn Islands,General
U_4907,58,Non-Binary,Kenya,General
U_4908,25,Non-Binary,Algeria,Techie
U_4909,43,Non-Binary,Algeria,Techie
U_4910,46,F,Qatar,Premium
U_4911,27,M,Guam,General
U_4912,34,Non-Binary,Svalbard & Jan Mayen Islands,Techie
U_4913,19,M,British Indian Ocean Territory (Chagos Archipelago),Techie
U_4914,23,F,Tokelau,Budget
U_4915,22,M,Jamaica,Budget
U_4916,45,Non-Binary,Puerto Rico,General
U_4917,58,Non-Binary,Bulgaria,Premium
U_4918,22,Non-Binary,Lesotho,Premium
U_4919,35,Non-Binary,Barbados,Budget
U_4920,43,Non-Binary,Denmark,General
U_4921,37,Non-Binary,Hungary,Budget
U_4922,58,F,Benin,General
U_4923,66,F,Saint Martin,Budget
U_4924,44,F,Sri Lanka,General
U_4925,66,M,Bosnia and Herzegovina,General
U_4926,29,M,Bosnia and Herzegovina,Budget
U_4927,24,F,Germany,Techie
U_4928,20,M,Heard Island and McDonald Islands,Premium
U_4929,27,M,Turkmenistan,Budget
U_4930,51,Non-Binary,French Southern Territories,General
U_4931,42,Non-Binary,Burundi,Premium
U_4932,52,M,Hong Kong,Premium
U_4933,33,M,Singapore,Budget
U_4934,19,F,Suriname,Premium
U_4935,41,M,Sao Tome and Principe,General
U_4936,27,Non-Binary,Tunisia,Premium
U_4937,55,M,Burkina Faso,General
U_4938,39,F,Norway,General
U_4939,43,Non-Binary,Philippines,Budget
U_4940,60,Non-Binary,Cambodia,Budget
U_4941,56,Non-Binary,Bangladesh,General
U_4942,44,Non-Binary,Marshall Islands,Premium
U_4943,46,M,Mongolia,Budget
U_4944,64,F,Algeria,Budget
U_4945,55,M,New Zealand,Techie
U_4946,37,M,Pakistan,General
U_4947,44,Non-Binary,Chad,Budget
U_4948,58,F,Kazakhstan,Budget
U_4949,37,Non-Binary,Guernsey,General
U_4950,61,M,Saint Helena,General
U_4951,36,M,Croatia,Techie
U_4952,37,Non-Binary,Niue,General
U_4953,52,M,San Marino,Premium
U_4954,64,M,Canada,General
U_4955,19,Non-Binary,Uruguay,Premium
U_4956,47,M,Isle of Man,Budget
U_4957,51,F,Nicaragua,General
U_4958,39,Non-Binary,Poland,Premium
U_4959,20,F,Kenya,General
U_4960,23,M,Tokelau,Premium
U_4961,32,M,Cuba,General
U_4962,44,Non-Binary,Benin,General
U_4963,27,M,Ukraine,Budget
U_4964,26,Non-Binary,Bolivia,General
U_4965,50,Non-Binary,Burundi,Premium
U_4966,49,Non-Binary,Sao Tome and Principe,General
U_4967,65,Non-Binary,British Virgin Islands,Techie
U_4968,23,Non-Binary,Namibia,General
U_4969,58,F,Saint Lucia,Techie
U_4970,53,Non-Binary,Hungary,Budget
U_4971,19,F,Guernsey,Budget
U_4972,46,M,Japan,Premium
U_4973,21,Non-Binary,Germany,General
U_4974,18,M,Somalia,Techie
U_4975,36,Non-Binary,Burundi,General
U_4976,43,F,Egypt,Budget
U_4977,42,F,Falkland Islands (Malvinas),Techie
U_4978,27,F,Oman,Budget
U_4979,32,M,Belize,General
U_4980,39,Non-Binary,Egypt,General
U_4981,68,M,Micronesia,Premium
U_4982,65,F,Netherlands Antilles,Budget
U_4983,38,M,Netherlands Antilles,Budget
U_4984,39,F,Saint Helena,General
U_4985,53,F,New Caledonia,Techie
U_4986,51,F,Finland,General
U_4987,47,Non-Binary,Slovakia (Slovak Republic),Budget
U_4988,42,Non-Binary,Wallis and Futuna,General
U_4989,62,F,Portugal,General
U_4990,45,M,Anguilla,Premium
U_4991,18,M,Thailand,Techie
U_4992,66,Non-Binary,Tanzania,Budget
U_4993,62,F,Palestinian Territory,Techie
U_4994,21,M,Turkey,General
U_4995,24,F,Gabon,Premium
U_4996,66,M,Costa Rica,General
U_4997,26,Non-Binary,Maldives,Techie
U_4998,53,F,New Caledonia,Budget
U_4999,36,F,Malawi,Techie
